file,reasons,before_title,after_title,before_description,after_description
"news/2026-04-18-realtime-1705-en.html","brandInDocTitle|isoDateInTitle","On 2026-04-13 – 16, the Kristersson government tabled a coordinated — Riksdagsmonitor","On – 16, the Kristersson government tabled a coordinated","On 2026-04-13 – 16, the Kristersson government tabled a coordinated four-document pre-election sprint: Vårproposition 2026 (HD03100, DIW 9.5) sets the macro frame, an extra supplementary budget…","On 2026-04-13 – 16, the Kristersson government tabled a coordinated four-document pre-election sprint: Vårproposition 2026 (HD03100, DIW 9.5) sets the macro frame, an extra supplementary budget…"
"news/2026-04-18-realtime-1705-zh.html","brandInDocTitle|isoDateInTitle","On 2026-04-13 – 16, the Kristersson government tabled a coordinated — Riksdagsmonitor","On – 16, the Kristersson government tabled a coordinated","2026年4月13至16日，克里斯特松政府提交了一套协调一致的四文件选前立法冲刺方案：Vårproposition 2026（HD03100，DIW 9.5）设定宏观框架，追加补充预算（HD03236，DIW…","2026年4月13至16日，克里斯特松政府提交了一套协调一致的四文件选前立法冲刺方案：Vårproposition 2026（HD03100，DIW 9.5）设定宏观框架，追加补充预算（HD03236，DIW…"
"news/2026-04-19-realtime-1219-en.html","brandInDocTitle|isoDateInTitle","Sweden's Konstitutionsutskottet (KU) on 2026-04-17 advanced a second — Riksdagsmonitor","Sweden's Konstitutionsutskottet (KU) on advanced a second","Sweden's Konstitutionsutskottet (KU) on 2026-04-17 advanced a second Tryckfrihetsförordningen (TF) amendment in the same riksmöte — betänkande 2025/26:KU33 — narrowing offentlighetsprincipen by…","Sweden's Konstitutionsutskottet (KU) on 2026-04-17 advanced a second Tryckfrihetsförordningen (TF) amendment in the same riksmöte — betänkande 2025/26:KU33 — narrowing offentlighetsprincipen by…"
"news/2026-04-19-realtime-1219-zh.html","brandInDocTitle|isoDateInTitle","Sweden's Konstitutionsutskottet (KU) on 2026-04-17 advanced a second — Riksdagsmonitor","Sweden's Konstitutionsutskottet (KU) on advanced a second","<p align=""center""> <em>为主编、政治顾问及高级分析师准备的单页简报</em> </p>","<p align=""center""> <em>为主编、政治顾问及高级分析师准备的单页简报</em> </p>"
"news/2026-04-23-committeeReports-ar.html","brandInDocTitle|midWordDescriptionCut","الموجز التنفيذي — تقارير اللجان — Riksdagsmonitor","الموجز التنفيذي — تقارير اللجان","التصنيف: عام | التوزيع: مفتوح المحلل: James Pether Sörling | التاريخ: 2026-04-23 الثقة: عالية [B2] | المنهجية: ai-driven-analysis-guide.md §BLUF standard","Sweden's Riksdag in April 2026 approved an emergency SEK 4.1 billion fiscal package (fuel tax cuts + energy support) and two dormant constitutional amendments (TF/YGL) with…"
"news/2026-04-23-committeeReports-he.html","brandInDocTitle|midWordDescriptionCut","תמצית מנהלים — דוחות ועדות — Riksdagsmonitor","תמצית מנהלים — דוחות ועדות","סיווג: ציבורי | הפצה: פתוחה אנליסט: James Pether Sörling | תאריך: 2026-04-23 אמינות: גבוהה [B2] | מתודולוגיה: ai-driven-analysis-guide.md §BLUF standard","Sweden's Riksdag in April 2026 approved an emergency SEK 4.1 billion fiscal package (fuel tax cuts + energy support) and two dormant constitutional amendments (TF/YGL) with…"
"news/2026-04-23-committeeReports-zh.html","brandInDocTitle|midWordDescriptionCut","Sweden's Riksdag in April 2026 approved an emergency SEK 4.1 billion — Riksdagsmonitor","Sweden's Riksdag in April 2026 approved an emergency SEK 4.1 billion","分类: 公开 | 发布: 公开 分析员: James Pether Sörling | 日期: 2026-04-23 可信度: 高 [B2] | 方法论: ai-driven-analysis-guide.md §BLUF standard","Sweden's Riksdag in April 2026 approved an emergency SEK 4.1 billion fiscal package (fuel tax cuts + energy support)…"
"news/2026-04-23-month-ahead-da.html","adminInDescription|brandInDocTitle","Månedsresumé — Månedsoverblik — Riksdagsmonitor","Månedsresumé — Månedsoverblik","Klassificering: Offentlig | Forfatter: James Pether Sörling | Genereret: 2026-04-23 Periode: 2026-04-23 → 2026-05-31 | Session: Riksmøde 2025/26 (slutfase for forår)","Klassificering: Offentlig Forfatter: James Pether Sörling Genereret: 2026-04-23 Periode: 2026-04-23 → 2026-05-31"
"news/2026-04-23-month-ahead-fr.html","adminInDescription|brandInDocTitle","Note de synthèse — Aperçu mensuel — Riksdagsmonitor","Note de synthèse — Aperçu mensuel","Période : 2026-04-23 → 2026-05-31 | Session : Riksmöte 2025/26 (phase finale du printemps)","Sweden enters the final five weeks of the 2025/26 parliamentary session with three interlocking packages dominating the legislative agenda: the 2026 Spring Fiscal Package (HD03100 vårproposition +…"
"news/2026-04-23-month-ahead-sv.html","adminInDescription|brandInDocTitle","Verksamhetsöversikt — Månadsöversikt — Riksdagsmonitor","Verksamhetsöversikt — Månadsöversikt","Klassificering: Offentlig | Författare: James Pether Sörling | Genererad: 2026-04-23 Period: 2026-04-23 → 2026-05-31 | Session: Riksmöte 2025/26 (slutet av vårfasen)","Klassificering: Offentlig Författare: James Pether Sörling Genererad: 2026-04-23 Period: 2026-04-23 → 2026-05-31"
"news/2026-04-24-committeeReports-en.html","brandInDocTitle|isoDateInTitle","Five committee reports tabled 2026-04-23 cluster along the Tidö — Riksdagsmonitor","Five committee reports tabled cluster along the Tidö","Five committee reports tabled 2026-04-23 cluster along the Tidö coalition's three pre-election signature pillars — criminal-justice capacity (HD01CU25), migration enforcement with a research-mobility…","Five committee reports tabled 2026-04-23 cluster along the Tidö coalition's three pre-election signature pillars — criminal-justice capacity (HD01CU25), migration enforcement with a research-mobility…"
"news/2026-04-24-committeeReports-ko.html","brandInDocTitle|isoDateInTitle","Five committee reports tabled 2026-04-23 cluster along the Tidö — Riksdagsmonitor","Five committee reports tabled cluster along the Tidö","저자: James Pether Sörling 실행 ID: 24866836753 분류: 공개 신뢰도: 높음 (B2)","저자: James Pether Sörling 실행 ID: 24866836753 분류: 공개 신뢰도: 높음 (B2)"
"news/2026-04-24-committeeReports-zh.html","brandInDocTitle|isoDateInTitle","Five committee reports tabled 2026-04-23 cluster along the Tidö — Riksdagsmonitor","Five committee reports tabled cluster along the Tidö","作者: James Pether Sörling 运行ID: 24866836753 分类: 公开 置信度: 高 (B2)","作者: James Pether Sörling 运行ID: 24866836753 分类: 公开 置信度: 高 (B2)"
"news/2026-04-24-evening-analysis-en.html","brandInDocTitle|isoDateInTitle","On 2026-04-24 the Kristersson government tabled a four-bill — Riksdagsmonitor","On the Kristersson government tabled a four-bill","On 2026-04-24 the Kristersson government tabled a four-bill pre-election delivery package (EU Banking Package HD03253, detainee benefit restriction HD03252, tachograph enforcement HD03256,…","On 2026-04-24 the Kristersson government tabled a four-bill pre-election delivery package (EU Banking Package HD03253, detainee benefit restriction HD03252, tachograph enforcement HD03256,…"
"news/2026-04-24-evening-analysis-ja.html","brandInDocTitle|isoDateInTitle","On 2026-04-24 the Kristersson government tabled a four-bill — Riksdagsmonitor","On the Kristersson government tabled a four-bill","2026年4月24日、クリステション政権は4法案の選挙前遺産パッケージ（EUバンキングパッケージ HD03253、勾留中者給付制限 HD03252、タコグラフ執行 HD03256、債務管理見直し…","2026年4月24日、クリステション政権は4法案の選挙前遺産パッケージ（EUバンキングパッケージ HD03253、勾留中者給付制限 HD03252、タコグラフ執行 HD03256、債務管理見直し…"
"news/2026-04-24-evening-analysis-ko.html","brandInDocTitle|isoDateInTitle","On 2026-04-24 the Kristersson government tabled a four-bill — Riksdagsmonitor","On the Kristersson government tabled a four-bill","2026년 4월 24일, 크리스터손 정부는 선거 전 4개 법안 유산 패키지（EU 은행 패키지 HD03253, 구속 피의자 급여 제한 HD03252, 운행기록장치 집행 HD03256, 채무 관리 검토…","2026년 4월 24일, 크리스터손 정부는 선거 전 4개 법안 유산 패키지（EU 은행 패키지 HD03253, 구속 피의자 급여 제한 HD03252, 운행기록장치 집행 HD03256, 채무 관리 검토…"
"news/2026-04-24-evening-analysis-zh.html","brandInDocTitle|isoDateInTitle","On 2026-04-24 the Kristersson government tabled a four-bill — Riksdagsmonitor","On the Kristersson government tabled a four-bill","2026年4月24日，克里斯特松政府提交了四项法案的选前遗产套餐（EU银行套餐 HD03253、限制羁押者待遇 HD03252、行驶记录仪执法 HD03256、债务管理审查 HD03104），与此同时，Riksdagen…","2026年4月24日，克里斯特松政府提交了四项法案的选前遗产套餐（EU银行套餐 HD03253、限制羁押者待遇 HD03252、行驶记录仪执法 HD03256、债务管理审查 HD03104），与此同时，Riksdagen…"
"news/2026-04-24-motions-en.html","brandInDocTitle|isoDateInTitle","Between 2026-04-15 and 2026-04-17, the four opposition parties — Riksdagsmonitor","Between and , the four opposition parties","Between 2026-04-15 and 2026-04-17, the four opposition parties (S, V, MP, C) filed 20 counter-motions against 9 Tidö-government propositions — a coordinated legislative response concentrated in three…","Between 2026-04-15 and 2026-04-17, the four opposition parties (S, V, MP, C) filed 20 counter-motions against 9 Tidö-government propositions — a coordinated legislative response concentrated in three…"
"news/2026-04-24-motions-ja.html","brandInDocTitle|isoDateInTitle","Between 2026-04-15 and 2026-04-17, the four opposition parties — Riksdagsmonitor","Between and , the four opposition parties","著者: James Pether Sörling · 信頼度: 高 · 読了時間: 60秒","著者: James Pether Sörling · 信頼度: 高 · 読了時間: 60秒"
"news/2026-04-24-motions-ko.html","brandInDocTitle|isoDateInTitle","Between 2026-04-15 and 2026-04-17, the four opposition parties — Riksdagsmonitor","Between and , the four opposition parties","저자: James Pether Sörling · 신뢰도: 높음 · 읽기 시간: 60초","저자: James Pether Sörling · 신뢰도: 높음 · 읽기 시간: 60초"
"news/2026-04-24-motions-zh.html","brandInDocTitle|isoDateInTitle","Between 2026-04-15 and 2026-04-17, the four opposition parties — Riksdagsmonitor","Between and , the four opposition parties","作者: James Pether Sörling · 置信度: 高 · 阅读时间: 60秒","作者: James Pether Sörling · 置信度: 高 · 阅读时间: 60秒"
"news/2026-04-25-month-ahead-de.html","adminInDescription|brandInDocTitle","Der nächste Monat — Mai 2026: Schweden am Wendepunkt vor der Wahl — Riksdagsmonitor","Der nächste Monat — Mai 2026: Schweden am Wendepunkt vor der Wahl","Autor: James Pether Sörling | Klassifikation: PUBLIC | Datum: 2026-04-25 | Konfidenzniveau: HIGH","Autor: James Pether Sörling Klassifikation: PUBLIC Konfidenzniveau: HIGH"
"news/2026-04-25-month-ahead-fr.html","adminInDescription|brandInDocTitle","Le mois à venir — mai 2026 : La Suède au point d'inflexion… — Riksdagsmonitor","Le mois à venir — mai 2026 : La Suède au point d'inflexion…","Auteur : James Pether Sörling | Classification : PUBLIC | Date : 2026-04-25 | Niveau de confiance : HIGH","Sweden enters May 2026 with the Tidö government deploying its largest pre-election legislative package: the 2026 Spring Budget (HD03100) projecting continued but slow economic recovery, an emergency…"
"news/2026-04-25-month-ahead-nl.html","adminInDescription|brandInDocTitle","De komende maand — mei 2026: Zweden op het pre-electorale… — Riksdagsmonitor","De komende maand — mei 2026: Zweden op het pre-electorale…","Auteur: James Pether Sörling | Classificatie: PUBLIC | Datum: 2026-04-25 | Betrouwbaarheidsniveau: HIGH","Auteur: James Pether Sörling Classificatie: PUBLIC Betrouwbaarheidsniveau: HIGH"
"news/2026-04-25-month-ahead-sv.html","adminInDescription|brandInDocTitle","Månaden framåt — maj 2026: Sverige vid pre-valrörets vändpunkt — Riksdagsmonitor","Månaden framåt — maj 2026: Sverige vid pre-valrörets vändpunkt","Författare: James Pether Sörling | Klassificering: PUBLIC | Datum: 2026-04-25 | Konfidensgrad: HIGH","Författare: James Pether Sörling Klassificering: PUBLIC Konfidensgrad: HIGH"
"news/2026-04-25-monthly-review-de.html","adminInDescription|brandInDocTitle","Monatliche Überprüfung — Riksdagsmonitor","Monatliche Überprüfung","Klassifikation: PUBLIC | Analyst: James Pether Sörling | Datum: 2026-04-25 Konfidenzniveau: HIGH [A1] | Tage bis zur Wahl: ~141 | Zeitfenster: 2026-03-26 → 2026-04-25","Klassifikation: PUBLIC Tage bis zur Wahl: ~141 Zeitfenster: 2026-03-26 → 2026-04-25"
"news/2026-04-25-monthly-review-sv.html","adminInDescription|brandInDocTitle","Verksamhetsöversikt — Månadsrapport — Riksdagsmonitor","Verksamhetsöversikt — Månadsrapport","Klassificering: PUBLIC | Analytiker: James Pether Sörling | Datum: 2026-04-25 Konfidensgrad: HIGH [A1] | Dagar till val: ~141 | Period: 2026-03-26 → 2026-04-25","Klassificering: PUBLIC Analytiker: James Pether Sörling Dagar till val: ~141"
"news/2026-04-26-committeeReports-ar.html","adminInDescription|brandInDocTitle|descriptionTooShort","ريكسداغ يوافق على خفض ضريبة الوقود وقانون أسلحة جديد ومسار سريع… — Riksdagsmonitor","ريكسداغ يوافق على خفض ضريبة الوقود وقانون أسلحة جديد ومسار سريع…","runid: 24965504707 ---","The Swedish Riksdag approved an extraordinary supplementary budget cutting fuel taxes by 82 öre/litre (petrol) and 319 SEK/m³ (diesel) from May–September 2026 alongside a 2.4…"
"news/2026-04-26-committeeReports-he.html","adminInDescription|brandInDocTitle|descriptionTooShort","הריקסדאג מאשר קיצוץ במס דלק, חוק נשק חדש ומסלול מהיר להרחבת בתי הסוהר — Riksdagsmonitor","הריקסדאג מאשר קיצוץ במס דלק, חוק נשק חדש ומסלול מהיר להרחבת בתי הסוהר","runid: 24965504707 ---","The Swedish Riksdag approved an extraordinary supplementary budget cutting fuel taxes by 82 öre/litre (petrol) and 319 SEK/m³ (diesel) from May–September 2026 alongside a 2.4…"
"news/2026-04-26-monthly-review-da.html","brandInDocTitle|isoDateInTitle","The 30-day window 2026-03-27 → 2026-04-26 marks the legislative — Riksdagsmonitor","The 30-day window → marks the legislative","30-dages vinduet 2026-03-27 → 2026-04-26 markerer den lovgivningsmæssige afslutningsfase af Tidö-koalitionens 2025/26-portefølje. Fire april-24-betænkninger (HD01JuU10 våbenlov, HD01JuU31…","30-dages vinduet 2026-03-27 → 2026-04-26 markerer den lovgivningsmæssige afslutningsfase af Tidö-koalitionens 2025/26-portefølje. Fire april-24-betænkninger (HD01JuU10 våbenlov, HD01JuU31…"
"news/2026-04-26-monthly-review-de.html","brandInDocTitle|isoDateInTitle","The 30-day window 2026-03-27 → 2026-04-26 marks the legislative — Riksdagsmonitor","The 30-day window → marks the legislative","Das 30-Tages-Fenster 2026-03-27 → 2026-04-26 markiert die gesetzgeberische Abschlussphase des 2025/26-Portfolios der Tidö-Koalition. Vier Ausschussberichte vom 24.","Das 30-Tages-Fenster 2026-03-27 → 2026-04-26 markiert die gesetzgeberische Abschlussphase des 2025/26-Portfolios der Tidö-Koalition. Vier Ausschussberichte vom 24."
"news/2026-04-26-monthly-review-en.html","brandInDocTitle|isoDateInTitle","The 30-day window 2026-03-27 → 2026-04-26 marks the legislative — Riksdagsmonitor","The 30-day window → marks the legislative","The 30-day window 2026-03-27 → 2026-04-26 marks the legislative completion phase of the Tidö coalition's 2025/26 portfolio. Four April-24 committee reports (HD01JuU10 vapenlag, HD01JuU31…","The 30-day window 2026-03-27 → 2026-04-26 marks the legislative completion phase of the Tidö coalition's 2025/26 portfolio. Four April-24 committee reports (HD01JuU10 vapenlag, HD01JuU31…"
"news/2026-04-26-monthly-review-es.html","brandInDocTitle|isoDateInTitle","The 30-day window 2026-03-27 → 2026-04-26 marks the legislative — Riksdagsmonitor","The 30-day window → marks the legislative","La ventana de 30 días 2026-03-27 → 2026-04-26 marca la fase de cierre legislativo de la cartera 2025/26 de la coalición Tidö. Cuatro informes de comisión del 24 de abril (HD01JuU10 ley de armas,…","La ventana de 30 días 2026-03-27 → 2026-04-26 marca la fase de cierre legislativo de la cartera 2025/26 de la coalición Tidö. Cuatro informes de comisión del 24 de abril (HD01JuU10 ley de armas,…"
"news/2026-04-26-monthly-review-fi.html","brandInDocTitle|isoDateInTitle","The 30-day window 2026-03-27 → 2026-04-26 marks the legislative — Riksdagsmonitor","The 30-day window → marks the legislative","30 päivän ikkuna 2026-03-27 → 2026-04-26 merkitsee Tidö-koalition 2025/26 portfolion lainsäädännöllisiä loppuvaihetta. Neljä huhtikuun 24. mietintöä (HD01JuU10 aselelaki, HD01JuU31…","30 päivän ikkuna 2026-03-27 → 2026-04-26 merkitsee Tidö-koalition 2025/26 portfolion lainsäädännöllisiä loppuvaihetta. Neljä huhtikuun 24. mietintöä (HD01JuU10 aselelaki, HD01JuU31…"
"news/2026-04-26-monthly-review-fr.html","brandInDocTitle|isoDateInTitle","The 30-day window 2026-03-27 → 2026-04-26 marks the legislative — Riksdagsmonitor","The 30-day window → marks the legislative","La fenêtre de 30 jours 2026-03-27 → 2026-04-26 marque la phase de clôture législative du portefeuille 2025/26 de la coalition Tidö. Quatre rapports de commissions du 24 avril (HD01JuU10 loi sur les…","La fenêtre de 30 jours 2026-03-27 → 2026-04-26 marque la phase de clôture législative du portefeuille 2025/26 de la coalition Tidö. Quatre rapports de commissions du 24 avril (HD01JuU10 loi sur les…"
"news/2026-04-26-monthly-review-ko.html","brandInDocTitle|isoDateInTitle","The 30-day window 2026-03-27 → 2026-04-26 marks the legislative — Riksdagsmonitor","The 30-day window → marks the legislative","저자: James Pether Sörling | 날짜: 2026-04-26 기간: 2026-03-27 → 2026-04-26 (30일) | 릭스모테: 2025/26 신뢰도: 높음 (A1) | 제독 범위: A1–C3…","저자: James Pether Sörling | 날짜: 2026-04-26 기간: 2026-03-27 → 2026-04-26 (30일) | 릭스모테: 2025/26 신뢰도: 높음 (A1) | 제독 범위: A1–C3…"
"news/2026-04-26-monthly-review-nl.html","brandInDocTitle|isoDateInTitle","The 30-day window 2026-03-27 → 2026-04-26 marks the legislative — Riksdagsmonitor","The 30-day window → marks the legislative","Het 30-dagenvenster 2026-03-27 → 2026-04-26 markeert de wetgevende afrondingsfase van de 2025/26-portefeuille van de Tidö-coalitie. Vier commissierapporten van 24 april (HD01JuU10 wapenwet, HD01JuU31…","Het 30-dagenvenster 2026-03-27 → 2026-04-26 markeert de wetgevende afrondingsfase van de 2025/26-portefeuille van de Tidö-coalitie. Vier commissierapporten van 24 april (HD01JuU10 wapenwet, HD01JuU31…"
"news/2026-04-26-monthly-review-no.html","brandInDocTitle|isoDateInTitle","The 30-day window 2026-03-27 → 2026-04-26 marks the legislative — Riksdagsmonitor","The 30-day window → marks the legislative","30-dagersvinduet 2026-03-27 → 2026-04-26 markerer den lovgivningsmessige avslutningsfasen av Tidö-koalisjonens 2025/26-portefølje. Fire april-24-innstillinger (HD01JuU10 våpenlov, HD01JuU31…","30-dagersvinduet 2026-03-27 → 2026-04-26 markerer den lovgivningsmessige avslutningsfasen av Tidö-koalisjonens 2025/26-portefølje. Fire april-24-innstillinger (HD01JuU10 våpenlov, HD01JuU31…"
"news/2026-04-26-monthly-review-zh.html","brandInDocTitle|isoDateInTitle","The 30-day window 2026-03-27 → 2026-04-26 marks the legislative — Riksdagsmonitor","The 30-day window → marks the legislative","作者：James Pether Sörling | 日期：2026-04-26 窗口期：2026-03-27 → 2026-04-26（30天）| 议会届次：2025/26 可信度：高（A1）| 海军上将范围：A1–C3 |…","作者：James Pether Sörling | 日期：2026-04-26 窗口期：2026-03-27 → 2026-04-26（30天）| 议会届次：2025/26 可信度：高（A1）| 海军上将范围：A1–C3 |…"
"news/2026-04-26-motions-ja.html","brandInDocTitle|descriptionTooShort","エグゼクティブブリーフ — 野党の議会活動 — Riksdagsmonitor","エグゼクティブブリーフ — 野党の議会活動","著者：James Pether Sörling | 日付：2026-04-26","Swedish opposition MPs are targeting three distinct government accountability gaps: dangerous workplaces receiving wage…"
"news/2026-04-26-motions-zh.html","brandInDocTitle|descriptionTooShort","Opposition Parliamentary Activity — Riksdagsmonitor","Opposition Parliamentary Activity","作者：James Pether Sörling | 日期：2026-04-26","Swedish opposition MPs are targeting three distinct government accountability gaps: dangerous workplaces receiving wage…"
"news/2026-04-26-realtime-pulse-ar.html","adminInDescription|brandInDocTitle|descriptionTooShort","سباق التشريع السويدي قبل الانتخابات: الأمن والإعفاء الضريبي وإصلاح… — Riksdagsmonitor","سباق التشريع السويدي قبل الانتخابات: الأمن والإعفاء الضريبي وإصلاح…","runid: 24966030408 ---","Sweden's Riksdag enters the final 140-day pre-election stretch with an unprecedented convergence of legislative streams: a 4.1 billion SEK emergency fuel and energy tax relief…"
"news/2026-04-26-realtime-pulse-he.html","adminInDescription|brandInDocTitle|descriptionTooShort","ספרינט חקיקה שוודי לפני הבחירות: ביטחון, הקלת מס ורפורמה בנקאית… — Riksdagsmonitor","ספרינט חקיקה שוודי לפני הבחירות: ביטחון, הקלת מס ורפורמה בנקאית…","runid: 24966030408 ---","Sweden's Riksdag enters the final 140-day pre-election stretch with an unprecedented convergence of legislative streams: a 4.1 billion SEK emergency fuel and energy tax relief…"
"news/2026-04-27-interpellations-ar.html","brandInDocTitle|descriptionTooShort","المعارضة تشن تحدياً على جبهات متعددة: السكك الحديدية وتأمين المرض… — Riksdagsmonitor","المعارضة تشن تحدياً على جبهات متعددة: السكك الحديدية وتأمين المرض…","<div dir=""rtl"">","On 27 April 2026, the Swedish Riksdag received two new interpellations — on railway investment delays and sick insurance reform — while existing interpellations announced for…"
"news/2026-04-27-interpellations-he.html","brandInDocTitle|descriptionTooShort","האופוזיציה מציבה אתגר רב-חזיתי: רכבות, ביטוח מחלה ודיסאינפורמציה… — Riksdagsmonitor","האופוזיציה מציבה אתגר רב-חזיתי: רכבות, ביטוח מחלה ודיסאינפורמציה…","<div dir=""rtl"">","On 27 April 2026, the Swedish Riksdag received two new interpellations — on railway investment delays and sick insurance reform — while existing interpellations announced for…"
"news/2026-04-27-month-ahead-ar.html","brandInDocTitle|descriptionTooShort","مايو 2026 – نظرة شهرية على البرلمان السويدي: الأمن والعدالة والبنية… — Riksdagsmonitor","مايو 2026 – نظرة شهرية على البرلمان السويدي: الأمن والعدالة والبنية…","<div dir=""rtl"">","Sweden's Riksdag enters May 2026 with a legislative agenda dominated by criminal justice expansion, infrastructure investment conflicts, and social insurance reform pressure."
"news/2026-04-27-month-ahead-he.html","brandInDocTitle|descriptionTooShort","מאי 2026 – סקירה חודשית של הריקסדאג השוודי: ביטחון, משפט ותשתיות במוקד — Riksdagsmonitor","מאי 2026 – סקירה חודשית של הריקסדאג השוודי: ביטחון, משפט ותשתיות במוקד","<div dir=""rtl"">","Sweden's Riksdag enters May 2026 with a legislative agenda dominated by criminal justice expansion, infrastructure investment conflicts, and social insurance reform pressure."
"news/2026-04-27-monthly-review-ar.html","adminInDescription|brandInDocTitle","موجز استخباراتي — المراجعة الشهرية — Riksdagsmonitor","موجز استخباراتي — المراجعة الشهرية","المؤلف: James Pether Sörling | التاريخ: 2026-04-27 الفترة: 2026-03-28 → 2026-04-27 (30 يوماً) | Riksmöte: 2025/26 مستوى الثقة: HIGH (A1) | نطاق أدميرالتي: A1–C3 | أيام…","المؤلف: James Pether Sörling التاريخ: 2026-04-27 الفترة: 2026-03-28 → 2026-04-27 (30 يوماً) نطاق أدميرالتي: A1–C3 أيام…"
"news/2026-04-27-monthly-review-da.html","adminInDescription|brandInDocTitle|bannedPhraseInDescription","Efterretningsbriefing — Månedsoversigt — Riksdagsmonitor","Efterretningsbriefing — Månedsoversigt","Forfatter: James Pether Sörling | Dato: 2026-04-27 Periode: 2026-03-28 → 2026-04-27 (30 dage) | Riksmöte: 2025/26 Konfidensgrad: HIGH (A1) | Admiralty-interval: A1–C3 | Dage til valg: 139","Forfatter: James Pether Sörling Dato: 2026-04-27 Periode: 2026-03-28 → 2026-04-27 (30 dage) Admiralty-interval: A1–C3 Dage til valg: 139"
"news/2026-04-27-monthly-review-de.html","adminInDescription|brandInDocTitle|bannedPhraseInDescription","Nachrichtenbriefing — Monatsrückblick — Riksdagsmonitor","Nachrichtenbriefing — Monatsrückblick","Autor: James Pether Sörling | Datum: 2026-04-27 Zeitraum: 2026-03-28 → 2026-04-27 (30 Tage) | Riksmöte: 2025/26 Konfidenzniveau: HIGH (A1) | Admiralty-Bereich: A1–C3 | Tage bis zur Wahl: 139","Autor: James Pether Sörling Admiralty-Bereich: A1–C3 Tage bis zur Wahl: 139"
"news/2026-04-27-monthly-review-en.html","brandInDocTitle|isoDateInTitle","The 30-day window 2026-03-28 → 2026-04-27 closes the Tidö coalition's — Riksdagsmonitor","The 30-day window → closes the Tidö coalition's","The 30-day window 2026-03-28 → 2026-04-27 closes the Tidö coalition's 2025/26 legislative portfolio while simultaneously exposing two new fault lines: intra-coalition SD-KD energy policy tension…","The 30-day window 2026-03-28 → 2026-04-27 closes the Tidö coalition's 2025/26 legislative portfolio while simultaneously exposing two new fault lines: intra-coalition SD-KD energy policy tension…"
"news/2026-04-27-monthly-review-es.html","adminInDescription|brandInDocTitle|bannedPhraseInDescription","Informe de inteligencia — Revisión mensual — Riksdagsmonitor","Informe de inteligencia — Revisión mensual","Autor: James Pether Sörling | Fecha: 2026-04-27 Período: 2026-03-28 → 2026-04-27 (30 días) | Riksmöte: 2025/26 Nivel de confianza: HIGH (A1) | Rango Admiralty: A1–C3 | Días para las elecciones: 139","Autor: James Pether Sörling Fecha: 2026-04-27 Período: 2026-03-28 → 2026-04-27 (30 días) Rango Admiralty: A1–C3 Días para las elecciones: 139"
"news/2026-04-27-monthly-review-fi.html","adminInDescription|brandInDocTitle|bannedPhraseInDescription","Tiedustelutiivistelmä — Kuukausikatsaus — Riksdagsmonitor","Tiedustelutiivistelmä — Kuukausikatsaus","Tekijä: James Pether Sörling | Päiväys: 2026-04-27 Ajanjakso: 2026-03-28 → 2026-04-27 (30 päivää) | Riksmöte: 2025/26 Luottamustaso: HIGH (A1) | Admiralty-väli: A1–C3 | Päiviä vaaleihin: 139","Tekijä: James Pether Sörling Päiväys: 2026-04-27 Ajanjakso: 2026-03-28 → 2026-04-27 (30 päivää) Admiralty-väli: A1–C3 Päiviä vaaleihin: 139"
"news/2026-04-27-monthly-review-fr.html","adminInDescription|brandInDocTitle|bannedPhraseInDescription","Note de renseignement — Revue mensuelle — Riksdagsmonitor","Note de renseignement — Revue mensuelle","Auteur: James Pether Sörling | Date: 2026-04-27 Période: 2026-03-28 → 2026-04-27 (30 jours) | Riksmöte: 2025/26 Niveau de confiance: HIGH (A1) | Plage Admiralty: A1–C3 | Jours avant les élections: 139","Auteur: James Pether Sörling Plage Admiralty: A1–C3 Jours avant les élections: 139"
"news/2026-04-27-monthly-review-he.html","adminInDescription|brandInDocTitle","תדריך מודיעין — סקירה חודשית — Riksdagsmonitor","תדריך מודיעין — סקירה חודשית","מחבר: James Pether Sörling | תאריך: 2026-04-27 תקופה: 2026-03-28 → 2026-04-27 (30 ימים) | Riksmöte: 2025/26 רמת ביטחון: HIGH (A1) | טווח אדמירלטי: A1–C3 | ימים לבחירות:…","מחבר: James Pether Sörling תאריך: 2026-04-27 תקופה: 2026-03-28 → 2026-04-27 (30 ימים) טווח אדמירלטי: A1–C3 ימים לבחירות:…"
"news/2026-04-27-monthly-review-ja.html","adminInDescription|brandInDocTitle|isoDateInTitle","The 30-day window 2026-03-28 → 2026-04-27 closes the Tidö coalition's — Riksdagsmonitor","The 30-day window → closes the Tidö coalition's","著者: James Pether Sörling | 日付: 2026-04-27 対象期間: 2026-03-28 → 2026-04-27（30日間）| Riksmöte: 2025/26 信頼度: HIGH (A1) | 提督評価:…","著者: James Pether Sörling 日付: 2026-04-27 対象期間: 2026-03-28 → 2026-04-27（30日間） 提督評価:…"
"news/2026-04-27-monthly-review-ko.html","adminInDescription|brandInDocTitle|isoDateInTitle","The 30-day window 2026-03-28 → 2026-04-27 closes the Tidö coalition's — Riksdagsmonitor","The 30-day window → closes the Tidö coalition's","저자: James Pether Sörling | 날짜: 2026-04-27 대상 기간: 2026-03-28 → 2026-04-27（30일）| Riksmöte: 2025/26 신뢰도: HIGH (A1) | 제독…","저자: James Pether Sörling 날짜: 2026-04-27 대상 기간: 2026-03-28 → 2026-04-27（30일） 제독…"
"news/2026-04-27-monthly-review-nl.html","adminInDescription|brandInDocTitle|bannedPhraseInDescription","Inlichtingenbriefing — Maandelijkse evaluatie — Riksdagsmonitor","Inlichtingenbriefing — Maandelijkse evaluatie","Auteur: James Pether Sörling | Datum: 2026-04-27 Periode: 2026-03-28 → 2026-04-27 (30 dagen) | Riksmöte: 2025/26 Betrouwbaarheidsniveau: HIGH (A1) | Admiralty-bereik: A1–C3 | Dagen tot verkiezingen:…","Auteur: James Pether Sörling Admiralty-bereik: A1–C3 Dagen tot verkiezingen:…"
"news/2026-04-27-monthly-review-no.html","adminInDescription|brandInDocTitle|bannedPhraseInDescription","Etterretningsbriefing — Månedsoversikt — Riksdagsmonitor","Etterretningsbriefing — Månedsoversikt","Forfatter: James Pether Sörling | Dato: 2026-04-27 Periode: 2026-03-28 → 2026-04-27 (30 dager) | Riksmöte: 2025/26 Konfidensnivå: HIGH (A1) | Admiralty-intervall: A1–C3 | Dager til valg: 139","Forfatter: James Pether Sörling Dato: 2026-04-27 Periode: 2026-03-28 → 2026-04-27 (30 dager) Admiralty-intervall: A1–C3 Dager til valg: 139"
"news/2026-04-27-monthly-review-sv.html","adminInDescription|brandInDocTitle|bannedPhraseInDescription","Underrättelsebriefing — Månadsöversikt — Riksdagsmonitor","Underrättelsebriefing — Månadsöversikt","Författare: James Pether Sörling | Datum: 2026-04-27 Period: 2026-03-28 → 2026-04-27 (30 dagar) | Riksmöte: 2025/26 Konfidensgrad: HIGH (A1) | Admiralty-intervall: A1–C3 | Dagar till val: 139","Författare: James Pether Sörling Admiralty-intervall: A1–C3 Dagar till val: 139"
"news/2026-04-27-monthly-review-zh.html","adminInDescription|brandInDocTitle|isoDateInTitle","The 30-day window 2026-03-28 → 2026-04-27 closes the Tidö coalition's — Riksdagsmonitor","The 30-day window → closes the Tidö coalition's","作者: James Pether Sörling | 日期: 2026-04-27 报告期: 2026-03-28 → 2026-04-27（30天）| Riksmöte: 2025/26 置信度: HIGH (A1) | 海军准将评级:…","作者: James Pether Sörling 日期: 2026-04-27 报告期: 2026-03-28 → 2026-04-27（30天） 海军准将评级:…"
"news/2026-04-27-motions-de.html","adminInDescription|brandInDocTitle","Nachrichtenbriefing — Schwedische Oppositionsmotionen Frühjahr 2026 — Riksdagsmonitor","Nachrichtenbriefing — Schwedische Oppositionsmotionen Frühjahr 2026","Datum: 2026-04-27 Autor: James Pether Sörling Einstufung: ÖFFENTLICH Status: Pass 2 (AI FIRST iterative Verbesserung)","Twenty-nine opposition motions filed by V, MP, and S between April 7–17, 2026 (riksmöte 2025/26) target the Tidö government's spring legislative programme on criminal deportation, housing…"
"news/2026-04-27-motions-fr.html","brandInDocTitle|descriptionTooShort","Briefing de renseignement — Motions d'opposition suédoises printemps… — Riksdagsmonitor","Briefing de renseignement — Motions d'opposition suédoises printemps…","Auteur: James Pether Sörling","Twenty-nine opposition motions filed by V, MP, and S between April 7–17, 2026 (riksmöte 2025/26) target the Tidö government's spring legislative programme on criminal deportation, housing…"
"news/2026-04-27-motions-nl.html","adminInDescription|brandInDocTitle","Inlichtingenbriefing — Zweedse oppositiemoties voorjaar 2026 — Riksdagsmonitor","Inlichtingenbriefing — Zweedse oppositiemoties voorjaar 2026","Datum: 2026-04-27 Auteur: James Pether Sörling Classificatie: OPENBAAR Status: Pass 2 (AI FIRST iteratieve verbetering)","Twenty-nine opposition motions filed by V, MP, and S between April 7–17, 2026 (riksmöte 2025/26) target the Tidö government's spring legislative programme on criminal deportation, housing…"
"news/2026-04-27-motions-sv.html","adminInDescription|brandInDocTitle","Underrättelsebriefing — Svenska oppositionsmotioner våren 2026 — Riksdagsmonitor","Underrättelsebriefing — Svenska oppositionsmotioner våren 2026","Datum: 2026-04-27 Författare: James Pether Sörling Klassificering: ÖPPEN Status: Pass 2 (AI FIRST iterativ förbättring)","Twenty-nine opposition motions filed by V, MP, and S between April 7–17, 2026 (riksmöte 2025/26) target the Tidö government's spring legislative programme on criminal deportation, housing…"
"news/2026-04-27-propositions-ja.html","brandInDocTitle|descriptionTooLong","Swedish Government Propositions — Riksdagsmonitor","Swedish Government Propositions","Sweden's Kristersson government tabled four significant legislative instruments on 23 April 2026, led by the EU Banking Package (Prop. 2025/26:253) — Sweden's most consequential financial-regulation…","Sweden's Kristersson government tabled four significant legislative instruments on 23 April 2026, led by the EU Banking…"
"news/2026-04-27-propositions-ko.html","brandInDocTitle|descriptionTooLong","Swedish Government Propositions — Riksdagsmonitor","Swedish Government Propositions","Sweden's Kristersson government tabled four significant legislative instruments on 23 April 2026, led by the EU Banking Package (Prop. 2025/26:253) — Sweden's most consequential financial-regulation…","Sweden's Kristersson government tabled four significant legislative instruments on 23 April 2026, led by the EU Banking…"
"news/2026-04-27-propositions-zh.html","brandInDocTitle|descriptionTooLong","Swedish Government Propositions — Riksdagsmonitor","Swedish Government Propositions","Sweden's Kristersson government tabled four significant legislative instruments on 23 April 2026, led by the EU Banking Package (Prop. 2025/26:253) — Sweden's most consequential financial-regulation…","Sweden's Kristersson government tabled four significant legislative instruments on 23 April 2026, led by the EU Banking…"
"news/2026-04-28-committeeReports-ja.html","brandInDocTitle|descriptionTooLong","Committee Reports Intelligence Brief — 28 April 2026 — Riksdagsmonitor","Committee Reports Intelligence Brief — 28 April 2026","Sweden's Finance Committee has approved the Tidö government's Spring Fiscal Bill economic guidelines amid US tariff-driven downward GDP revisions — projecting 1.9% growth in 2025 — while…","Sweden's Finance Committee has approved the Tidö government's Spring Fiscal Bill economic guidelines amid US…"
"news/2026-04-28-committeeReports-ko.html","brandInDocTitle|descriptionTooLong","Committee Reports Intelligence Brief — 28 April 2026 — Riksdagsmonitor","Committee Reports Intelligence Brief — 28 April 2026","Sweden's Finance Committee has approved the Tidö government's Spring Fiscal Bill economic guidelines amid US tariff-driven downward GDP revisions — projecting 1.9% growth in 2025 — while…","Sweden's Finance Committee has approved the Tidö government's Spring Fiscal Bill economic guidelines amid US…"
"news/2026-04-28-committeeReports-zh.html","brandInDocTitle|descriptionTooLong","Committee Reports Intelligence Brief — 28 April 2026 — Riksdagsmonitor","Committee Reports Intelligence Brief — 28 April 2026","Sweden's Finance Committee has approved the Tidö government's Spring Fiscal Bill economic guidelines amid US tariff-driven downward GDP revisions — projecting 1.9% growth in 2025 — while…","Sweden's Finance Committee has approved the Tidö government's Spring Fiscal Bill economic guidelines amid US…"
"news/2026-04-28-evening-analysis-ja.html","brandInDocTitle|descriptionTooLong","Tidö Coalition's Pre-Election Legislative Sprint: Security, Finance… — Riksdagsmonitor","Tidö Coalition's Pre-Election Legislative Sprint: Security, Finance…","April 28, 2026 marks Sweden's legislative peak of the riksmöte 2025/26: the Tidö coalition simultaneously advanced the EU Banking Package (HD03253), welfare sanctions for prisoners, citizenship…","April 28, 2026 marks Sweden's legislative peak of the riksmöte 2025/26: the Tidö coalition simultaneously advanced the…"
"news/2026-04-28-evening-analysis-ko.html","brandInDocTitle|descriptionTooLong","Tidö Coalition's Pre-Election Legislative Sprint: Security, Finance… — Riksdagsmonitor","Tidö Coalition's Pre-Election Legislative Sprint: Security, Finance…","April 28, 2026 marks Sweden's legislative peak of the riksmöte 2025/26: the Tidö coalition simultaneously advanced the EU Banking Package (HD03253), welfare sanctions for prisoners, citizenship…","April 28, 2026 marks Sweden's legislative peak of the riksmöte 2025/26: the Tidö coalition simultaneously advanced the…"
"news/2026-04-28-evening-analysis-zh.html","brandInDocTitle|descriptionTooLong","Tidö Coalition's Pre-Election Legislative Sprint: Security, Finance… — Riksdagsmonitor","Tidö Coalition's Pre-Election Legislative Sprint: Security, Finance…","April 28, 2026 marks Sweden's legislative peak of the riksmöte 2025/26: the Tidö coalition simultaneously advanced the EU Banking Package (HD03253), welfare sanctions for prisoners, citizenship…","April 28, 2026 marks Sweden's legislative peak of the riksmöte 2025/26: the Tidö coalition simultaneously advanced the…"
"news/2026-04-28-interpellations-ja.html","brandInDocTitle|descriptionTooLong","Opposition Targets Infrastructure, Welfare, and Corporate Crime Gaps… — Riksdagsmonitor","Opposition Targets Infrastructure, Welfare, and Corporate Crime Gaps…","Three Social Democrat MPs filed interpellations (HD10449, HD10450, HD10451) on 2026-04-27, challenging the Tidö coalition government across three politically charged domains: railway infrastructure…","Three Social Democrat MPs filed interpellations (HD10449, HD10450, HD10451) on 2026-04-27, challenging the Tidö…"
"news/2026-04-28-interpellations-ko.html","brandInDocTitle|descriptionTooLong","Opposition Targets Infrastructure, Welfare, and Corporate Crime Gaps… — Riksdagsmonitor","Opposition Targets Infrastructure, Welfare, and Corporate Crime Gaps…","Three Social Democrat MPs filed interpellations (HD10449, HD10450, HD10451) on 2026-04-27, challenging the Tidö coalition government across three politically charged domains: railway infrastructure…","Three Social Democrat MPs filed interpellations (HD10449, HD10450, HD10451) on 2026-04-27, challenging the Tidö…"
"news/2026-04-28-interpellations-zh.html","brandInDocTitle|descriptionTooLong","Opposition Targets Infrastructure, Welfare, and Corporate Crime Gaps… — Riksdagsmonitor","Opposition Targets Infrastructure, Welfare, and Corporate Crime Gaps…","Three Social Democrat MPs filed interpellations (HD10449, HD10450, HD10451) on 2026-04-27, challenging the Tidö coalition government across three politically charged domains: railway infrastructure…","Three Social Democrat MPs filed interpellations (HD10449, HD10450, HD10451) on 2026-04-27, challenging the Tidö…"
"news/2026-04-28-month-ahead-ja.html","brandInDocTitle|descriptionTooLong","May 2026 Month Ahead: Sweden's Pre-Election Legislative Climax — Riksdagsmonitor","May 2026 Month Ahead: Sweden's Pre-Election Legislative Climax","Sweden's Riksdag enters May 2026 with the Kristersson government's security-and-order programme nearing its legislative climax: a coordinated criminal-justice cluster (weapons law, prison…","Sweden's Riksdag enters May 2026 with the Kristersson government's security-and-order programme nearing its legislative…"
"news/2026-04-28-month-ahead-ko.html","brandInDocTitle|descriptionTooLong","May 2026 Month Ahead: Sweden's Pre-Election Legislative Climax — Riksdagsmonitor","May 2026 Month Ahead: Sweden's Pre-Election Legislative Climax","Sweden's Riksdag enters May 2026 with the Kristersson government's security-and-order programme nearing its legislative climax: a coordinated criminal-justice cluster (weapons law, prison…","Sweden's Riksdag enters May 2026 with the Kristersson government's security-and-order programme nearing its legislative…"
"news/2026-04-28-month-ahead-zh.html","brandInDocTitle|descriptionTooLong","May 2026 Month Ahead: Sweden's Pre-Election Legislative Climax — Riksdagsmonitor","May 2026 Month Ahead: Sweden's Pre-Election Legislative Climax","Sweden's Riksdag enters May 2026 with the Kristersson government's security-and-order programme nearing its legislative climax: a coordinated criminal-justice cluster (weapons law, prison…","Sweden's Riksdag enters May 2026 with the Kristersson government's security-and-order programme nearing its legislative…"
"news/2026-04-28-motions-ja.html","brandInDocTitle|descriptionTooLong","Social Democrats Challenge Government's Anti-Corruption Overreach — Riksdagsmonitor","Social Democrats Challenge Government's Anti-Corruption Overreach","The Social Democrats (S) have filed Motion 2025/26:4099 (HD024099) rejecting the government's flagship anti-corruption proposition (prop. 2025/26:217), arguing the new crime ""missbruk av offentlig…","The Social Democrats (S) have filed Motion 2025/26:4099 (HD024099) rejecting the government's flagship anti-corruption…"
"news/2026-04-28-motions-ko.html","brandInDocTitle|descriptionTooLong","Social Democrats Challenge Government's Anti-Corruption Overreach — Riksdagsmonitor","Social Democrats Challenge Government's Anti-Corruption Overreach","The Social Democrats (S) have filed Motion 2025/26:4099 (HD024099) rejecting the government's flagship anti-corruption proposition (prop. 2025/26:217), arguing the new crime ""missbruk av offentlig…","The Social Democrats (S) have filed Motion 2025/26:4099 (HD024099) rejecting the government's flagship anti-corruption…"
"news/2026-04-28-motions-zh.html","brandInDocTitle|descriptionTooLong","Social Democrats Challenge Government's Anti-Corruption Overreach — Riksdagsmonitor","Social Democrats Challenge Government's Anti-Corruption Overreach","The Social Democrats (S) have filed Motion 2025/26:4099 (HD024099) rejecting the government's flagship anti-corruption proposition (prop. 2025/26:217), arguing the new crime ""missbruk av offentlig…","The Social Democrats (S) have filed Motion 2025/26:4099 (HD024099) rejecting the government's flagship anti-corruption…"
"news/2026-04-28-propositions-ja.html","brandInDocTitle|descriptionTooLong","Swedish Government Propositions Signal Banking Reform and Welfare… — Riksdagsmonitor","Swedish Government Propositions Signal Banking Reform and Welfare…","The Tidö government delivered four propositions on 2026-04-23, led by its implementation of the EU Banking Package (HD03253) — the most consequential financial regulation overhaul since 2014 —…","The Tidö government delivered four propositions on 2026-04-23, led by its implementation of the EU Banking Package…"
"news/2026-04-28-propositions-ko.html","brandInDocTitle|descriptionTooLong","Swedish Government Propositions Signal Banking Reform and Welfare… — Riksdagsmonitor","Swedish Government Propositions Signal Banking Reform and Welfare…","The Tidö government delivered four propositions on 2026-04-23, led by its implementation of the EU Banking Package (HD03253) — the most consequential financial regulation overhaul since 2014 —…","The Tidö government delivered four propositions on 2026-04-23, led by its implementation of the EU Banking Package…"
"news/2026-04-28-propositions-zh.html","brandInDocTitle|descriptionTooLong","Swedish Government Propositions Signal Banking Reform and Welfare… — Riksdagsmonitor","Swedish Government Propositions Signal Banking Reform and Welfare…","The Tidö government delivered four propositions on 2026-04-23, led by its implementation of the EU Banking Package (HD03253) — the most consequential financial regulation overhaul since 2014 —…","The Tidö government delivered four propositions on 2026-04-23, led by its implementation of the EU Banking Package…"
"news/2026-04-28-realtime-pulse-ja.html","brandInDocTitle|descriptionTooLong","Riksdagen Realtime Pulse — 28 April 2026 — Riksdagsmonitor","Riksdagen Realtime Pulse — 28 April 2026","Sweden's Riksdag entered its final pre-election sprint on 28 April 2026 with a historically dense legislative agenda: the Tidö coalition simultaneously advanced tougher citizenship requirements…","Sweden's Riksdag entered its final pre-election sprint on 28 April 2026 with a historically dense legislative agenda:…"
"news/2026-04-28-realtime-pulse-ko.html","brandInDocTitle|descriptionTooLong","Riksdagen Realtime Pulse — 28 April 2026 — Riksdagsmonitor","Riksdagen Realtime Pulse — 28 April 2026","Sweden's Riksdag entered its final pre-election sprint on 28 April 2026 with a historically dense legislative agenda: the Tidö coalition simultaneously advanced tougher citizenship requirements…","Sweden's Riksdag entered its final pre-election sprint on 28 April 2026 with a historically dense legislative agenda:…"
"news/2026-04-28-realtime-pulse-zh.html","brandInDocTitle|descriptionTooLong","Riksdagen Realtime Pulse — 28 April 2026 — Riksdagsmonitor","Riksdagen Realtime Pulse — 28 April 2026","Sweden's Riksdag entered its final pre-election sprint on 28 April 2026 with a historically dense legislative agenda: the Tidö coalition simultaneously advanced tougher citizenship requirements…","Sweden's Riksdag entered its final pre-election sprint on 28 April 2026 with a historically dense legislative agenda:…"
"news/2026-04-29-committeeReports-ja.html","brandInDocTitle|descriptionTooLong","Riksdagen Committee Reports Intelligence Brief — 28 April 2026 — Riksdagsmonitor","Riksdagen Committee Reports Intelligence Brief — 28 April 2026","Sweden's Riksdag committee system approved eight (8) betänkanden on 28 April 2026, marking one of the most consequential legislative days of the 2025/26 session.","Sweden's Riksdag committee system approved eight (8) betänkanden on 28 April 2026, marking one of the most…"
"news/2026-04-29-committeeReports-ko.html","brandInDocTitle|descriptionTooLong","Riksdagen Committee Reports Intelligence Brief — 28 April 2026 — Riksdagsmonitor","Riksdagen Committee Reports Intelligence Brief — 28 April 2026","Sweden's Riksdag committee system approved eight (8) betänkanden on 28 April 2026, marking one of the most consequential legislative days of the 2025/26 session.","Sweden's Riksdag committee system approved eight (8) betänkanden on 28 April 2026, marking one of the most…"
"news/2026-04-29-committeeReports-zh.html","brandInDocTitle|descriptionTooLong","Riksdagen Committee Reports Intelligence Brief — 28 April 2026 — Riksdagsmonitor","Riksdagen Committee Reports Intelligence Brief — 28 April 2026","Sweden's Riksdag committee system approved eight (8) betänkanden on 28 April 2026, marking one of the most consequential legislative days of the 2025/26 session.","Sweden's Riksdag committee system approved eight (8) betänkanden on 28 April 2026, marking one of the most…"
"news/2026-04-29-evening-analysis-ja.html","brandInDocTitle|descriptionTooLong","Evening Intelligence Brief — 29 April 2026: Democracy Under Stress — Riksdagsmonitor","Evening Intelligence Brief — 29 April 2026: Democracy Under Stress","Sweden's parliamentary session on 29 April 2026 delivered three confirmation signals that will shape the September 2026 election campaign: (1) Centerpartiet broke from both its natural coalition…","Sweden's parliamentary session on 29 April 2026 delivered three confirmation signals that will shape the September 2026…"
"news/2026-04-29-evening-analysis-ko.html","brandInDocTitle|descriptionTooLong","Evening Intelligence Brief — 29 April 2026: Democracy Under Stress — Riksdagsmonitor","Evening Intelligence Brief — 29 April 2026: Democracy Under Stress","Sweden's parliamentary session on 29 April 2026 delivered three confirmation signals that will shape the September 2026 election campaign: (1) Centerpartiet broke from both its natural coalition…","Sweden's parliamentary session on 29 April 2026 delivered three confirmation signals that will shape the September 2026…"
"news/2026-04-29-evening-analysis-zh.html","brandInDocTitle|descriptionTooLong","Evening Intelligence Brief — 29 April 2026: Democracy Under Stress — Riksdagsmonitor","Evening Intelligence Brief — 29 April 2026: Democracy Under Stress","Sweden's parliamentary session on 29 April 2026 delivered three confirmation signals that will shape the September 2026 election campaign: (1) Centerpartiet broke from both its natural coalition…","Sweden's parliamentary session on 29 April 2026 delivered three confirmation signals that will shape the September 2026…"
"news/2026-04-29-interpellations-ja.html","brandInDocTitle|descriptionTooLong","Organized Crime, Energy Transition, and Social System Pressures… — Riksdagsmonitor","Organized Crime, Energy Transition, and Social System Pressures…","Sweden's interpellation calendar on 2026-04-29 reveals a government under simultaneous pressure across three strategic fault lines: the penetration of organized crime into welfare and business…","Sweden's interpellation calendar on 2026-04-29 reveals a government under simultaneous pressure across three strategic…"
"news/2026-04-29-interpellations-ko.html","brandInDocTitle|descriptionTooLong","Organized Crime, Energy Transition, and Social System Pressures… — Riksdagsmonitor","Organized Crime, Energy Transition, and Social System Pressures…","Sweden's interpellation calendar on 2026-04-29 reveals a government under simultaneous pressure across three strategic fault lines: the penetration of organized crime into welfare and business…","Sweden's interpellation calendar on 2026-04-29 reveals a government under simultaneous pressure across three strategic…"
"news/2026-04-29-interpellations-zh.html","brandInDocTitle|descriptionTooLong","Organized Crime, Energy Transition, and Social System Pressures… — Riksdagsmonitor","Organized Crime, Energy Transition, and Social System Pressures…","Sweden's interpellation calendar on 2026-04-29 reveals a government under simultaneous pressure across three strategic fault lines: the penetration of organized crime into welfare and business…","Sweden's interpellation calendar on 2026-04-29 reveals a government under simultaneous pressure across three strategic…"
"news/2026-04-29-month-ahead-ja.html","brandInDocTitle|descriptionTooLong","Sweden Month Ahead: Final Pre-Election Sprint — May 2026 Intelligence… — Riksdagsmonitor","Sweden Month Ahead: Final Pre-Election Sprint — May 2026 Intelligence…","Sweden enters May 2026 with 137 days until the September 14 general election, making every Riksdag session from now through summer recess an electoral proving ground.","Sweden enters May 2026 with 137 days until the September 14 general election, making every Riksdag session from now…"
"news/2026-04-29-month-ahead-ko.html","brandInDocTitle|descriptionTooLong","Sweden Month Ahead: Final Pre-Election Sprint — May 2026 Intelligence… — Riksdagsmonitor","Sweden Month Ahead: Final Pre-Election Sprint — May 2026 Intelligence…","Sweden enters May 2026 with 137 days until the September 14 general election, making every Riksdag session from now through summer recess an electoral proving ground.","Sweden enters May 2026 with 137 days until the September 14 general election, making every Riksdag session from now…"
"news/2026-04-29-month-ahead-zh.html","brandInDocTitle|descriptionTooLong","Sweden Month Ahead: Final Pre-Election Sprint — May 2026 Intelligence… — Riksdagsmonitor","Sweden Month Ahead: Final Pre-Election Sprint — May 2026 Intelligence…","Sweden enters May 2026 with 137 days until the September 14 general election, making every Riksdag session from now through summer recess an electoral proving ground.","Sweden enters May 2026 with 137 days until the September 14 general election, making every Riksdag session from now…"
"news/2026-04-29-monthly-review-ja.html","brandInDocTitle|descriptionTooLong","Riksdag Monthly Review: April–May 2026 — Riksdagsmonitor","Riksdag Monthly Review: April–May 2026","Lead story: HC01FiU20 Spring Fiscal Bill — four opposition parties (S, V, C, MP) contested the Tidö economic policy framework; US tariff shock revised GDP to 1.9% (2025).","The final month of riksmöte 2025/26 delivered a decisive intra-coalition fault line and the most consequential…"
"news/2026-04-29-monthly-review-ko.html","brandInDocTitle|descriptionTooLong","Riksdag Monthly Review: April–May 2026 — Riksdagsmonitor","Riksdag Monthly Review: April–May 2026","Lead story: HC01FiU20 Spring Fiscal Bill — four opposition parties (S, V, C, MP) contested the Tidö economic policy framework; US tariff shock revised GDP to 1.9% (2025).","The final month of riksmöte 2025/26 delivered a decisive intra-coalition fault line and the most consequential…"
"news/2026-04-29-monthly-review-zh.html","brandInDocTitle|descriptionTooLong","Riksdag Monthly Review: April–May 2026 — Riksdagsmonitor","Riksdag Monthly Review: April–May 2026","Lead story: HC01FiU20 Spring Fiscal Bill — four opposition parties (S, V, C, MP) contested the Tidö economic policy framework; US tariff shock revised GDP to 1.9% (2025).","The final month of riksmöte 2025/26 delivered a decisive intra-coalition fault line and the most consequential…"
"news/2026-04-29-motions-ja.html","brandInDocTitle|descriptionTooLong","Opposition Motions 28 April 2026: Economic Contestation, Defence… — Riksdagsmonitor","Opposition Motions 28 April 2026: Economic Contestation, Defence…","On 28 April 2026, all four opposition parties — Socialdemokraterna (S), Vänsterpartiet (V), Centerpartiet (C), and Miljöpartiet (MP) — filed 24 motions spanning five policy clusters: the Spring…","On 28 April 2026, all four opposition parties — Socialdemokraterna (S), Vänsterpartiet (V), Centerpartiet (C), and…"
"news/2026-04-29-motions-ko.html","brandInDocTitle|descriptionTooLong","Opposition Motions 28 April 2026: Economic Contestation, Defence… — Riksdagsmonitor","Opposition Motions 28 April 2026: Economic Contestation, Defence…","On 28 April 2026, all four opposition parties — Socialdemokraterna (S), Vänsterpartiet (V), Centerpartiet (C), and Miljöpartiet (MP) — filed 24 motions spanning five policy clusters: the Spring…","On 28 April 2026, all four opposition parties — Socialdemokraterna (S), Vänsterpartiet (V), Centerpartiet (C), and…"
"news/2026-04-29-motions-zh.html","brandInDocTitle|descriptionTooLong","Opposition Motions 28 April 2026: Economic Contestation, Defence… — Riksdagsmonitor","Opposition Motions 28 April 2026: Economic Contestation, Defence…","On 28 April 2026, all four opposition parties — Socialdemokraterna (S), Vänsterpartiet (V), Centerpartiet (C), and Miljöpartiet (MP) — filed 24 motions spanning five policy clusters: the Spring…","On 28 April 2026, all four opposition parties — Socialdemokraterna (S), Vänsterpartiet (V), Centerpartiet (C), and…"
"news/2026-04-29-propositions-ja.html","brandInDocTitle|descriptionTooLong","Infrastrukturinvestering, läkemedelssäkerhet och kommunal… — Riksdagsmonitor","Infrastrukturinvestering, läkemedelssäkerhet och kommunal…","Regeringen Kristersson presenterade den 28 april 2026 tre propositioner med skilda politiska tyngder: den nationella transportinfrastrukturplanen 2026–2037 (Skr. 2025/26:259, HD03259) avsätter 875…","Regeringen Kristersson presenterade den 28 april 2026 tre propositioner med skilda politiska tyngder: den nationella…"
"news/2026-04-29-propositions-ko.html","brandInDocTitle|descriptionTooLong","Infrastrukturinvestering, läkemedelssäkerhet och kommunal… — Riksdagsmonitor","Infrastrukturinvestering, läkemedelssäkerhet och kommunal…","Regeringen Kristersson presenterade den 28 april 2026 tre propositioner med skilda politiska tyngder: den nationella transportinfrastrukturplanen 2026–2037 (Skr. 2025/26:259, HD03259) avsätter 875…","Regeringen Kristersson presenterade den 28 april 2026 tre propositioner med skilda politiska tyngder: den nationella…"
"news/2026-04-29-propositions-zh.html","brandInDocTitle|descriptionTooLong","Infrastrukturinvestering, läkemedelssäkerhet och kommunal… — Riksdagsmonitor","Infrastrukturinvestering, läkemedelssäkerhet och kommunal…","Regeringen Kristersson presenterade den 28 april 2026 tre propositioner med skilda politiska tyngder: den nationella transportinfrastrukturplanen 2026–2037 (Skr. 2025/26:259, HD03259) avsätter 875…","Regeringen Kristersson presenterade den 28 april 2026 tre propositioner med skilda politiska tyngder: den nationella…"
"news/2026-04-29-realtime-pulse-ja.html","brandInDocTitle|descriptionTooLong","Sweden's Legislative Pulse: Weapons Law, China Threat, and Water… — Riksdagsmonitor","Sweden's Legislative Pulse: Weapons Law, China Threat, and Water…","[CONFIRMED — VOTE RESULTS 16:13–16:21 STOCKHOLM] Sweden's Riksdag adopted two landmark bills on 29 April: (1) JuU10 (En ny vapenlag) passed at 16:13 with Tidöblock + Socialdemokraterna in majority;…","[CONFIRMED — VOTE RESULTS 16:13–16:21 STOCKHOLM] Sweden's Riksdag adopted two landmark bills on 29 April: (1) JuU10 (En…"
"news/2026-04-29-realtime-pulse-ko.html","brandInDocTitle|descriptionTooLong","Sweden's Legislative Pulse: Weapons Law, China Threat, and Water… — Riksdagsmonitor","Sweden's Legislative Pulse: Weapons Law, China Threat, and Water…","[CONFIRMED — VOTE RESULTS 16:13–16:21 STOCKHOLM] Sweden's Riksdag adopted two landmark bills on 29 April: (1) JuU10 (En ny vapenlag) passed at 16:13 with Tidöblock + Socialdemokraterna in majority;…","[CONFIRMED — VOTE RESULTS 16:13–16:21 STOCKHOLM] Sweden's Riksdag adopted two landmark bills on 29 April: (1) JuU10 (En…"
"news/2026-04-29-realtime-pulse-zh.html","brandInDocTitle|descriptionTooLong","Sweden's Legislative Pulse: Weapons Law, China Threat, and Water… — Riksdagsmonitor","Sweden's Legislative Pulse: Weapons Law, China Threat, and Water…","[CONFIRMED — VOTE RESULTS 16:13–16:21 STOCKHOLM] Sweden's Riksdag adopted two landmark bills on 29 April: (1) JuU10 (En ny vapenlag) passed at 16:13 with Tidöblock + Socialdemokraterna in majority;…","[CONFIRMED — VOTE RESULTS 16:13–16:21 STOCKHOLM] Sweden's Riksdag adopted two landmark bills on 29 April: (1) JuU10 (En…"
"news/2026-04-30-committeeReports-ja.html","brandInDocTitle|descriptionTooLong","Riksdag Committee Reports Advance Legislative Accountability… — Riksdagsmonitor","Riksdag Committee Reports Advance Legislative Accountability…","The Riksdag's 2025/26 spring committee session delivers eight betänkanden spanning privacy oversight, judicial efficiency, explosive materials control, nuclear facility permitting reform, competition…","The Riksdag's 2025/26 spring committee session delivers eight betänkanden spanning privacy oversight, judicial…"
"news/2026-04-30-committeeReports-ko.html","brandInDocTitle|descriptionTooLong","Riksdag Committee Reports Advance Legislative Accountability… — Riksdagsmonitor","Riksdag Committee Reports Advance Legislative Accountability…","The Riksdag's 2025/26 spring committee session delivers eight betänkanden spanning privacy oversight, judicial efficiency, explosive materials control, nuclear facility permitting reform, competition…","The Riksdag's 2025/26 spring committee session delivers eight betänkanden spanning privacy oversight, judicial…"
"news/2026-04-30-committeeReports-zh.html","brandInDocTitle|descriptionTooLong","Riksdag Committee Reports Advance Legislative Accountability… — Riksdagsmonitor","Riksdag Committee Reports Advance Legislative Accountability…","The Riksdag's 2025/26 spring committee session delivers eight betänkanden spanning privacy oversight, judicial efficiency, explosive materials control, nuclear facility permitting reform, competition…","The Riksdag's 2025/26 spring committee session delivers eight betänkanden spanning privacy oversight, judicial…"
"news/2026-04-30-evening-analysis-ja.html","brandInDocTitle|descriptionTooLong","Evening Analysis — 30 April 2026: Sweden's Migration Law Overhaul… — Riksdagsmonitor","Evening Analysis — 30 April 2026: Sweden's Migration Law Overhaul…","Sweden's government delivered its most consequential single-day legislative package of the 2025/26 session on 30 April 2026: a four-proposition migration law transformation that phases out permanent…","Sweden's government delivered its most consequential single-day legislative package of the 2025/26 session on 30 April…"
"news/2026-04-30-evening-analysis-ko.html","brandInDocTitle|descriptionTooLong","Evening Analysis — 30 April 2026: Sweden's Migration Law Overhaul… — Riksdagsmonitor","Evening Analysis — 30 April 2026: Sweden's Migration Law Overhaul…","Sweden's government delivered its most consequential single-day legislative package of the 2025/26 session on 30 April 2026: a four-proposition migration law transformation that phases out permanent…","Sweden's government delivered its most consequential single-day legislative package of the 2025/26 session on 30 April…"
"news/2026-04-30-evening-analysis-zh.html","brandInDocTitle|descriptionTooLong","Evening Analysis — 30 April 2026: Sweden's Migration Law Overhaul… — Riksdagsmonitor","Evening Analysis — 30 April 2026: Sweden's Migration Law Overhaul…","Sweden's government delivered its most consequential single-day legislative package of the 2025/26 session on 30 April 2026: a four-proposition migration law transformation that phases out permanent…","Sweden's government delivered its most consequential single-day legislative package of the 2025/26 session on 30 April…"
"news/2026-04-30-interpellations-ja.html","brandInDocTitle|descriptionTooLong","Interpellation Debates 30 April 2026: Cultural Heritage Neglect… — Riksdagsmonitor","Interpellation Debates 30 April 2026: Cultural Heritage Neglect…","Two interpellations filed 29–30 April 2026 spotlight contrasting governance failures in the Tidö coalition: SD holds coalition partner Culture Minister Liljestrand (M) accountable for deferred…","Two interpellations filed 29–30 April 2026 spotlight contrasting governance failures in the Tidö coalition: SD holds…"
"news/2026-04-30-interpellations-ko.html","brandInDocTitle|descriptionTooLong","Interpellation Debates 30 April 2026: Cultural Heritage Neglect… — Riksdagsmonitor","Interpellation Debates 30 April 2026: Cultural Heritage Neglect…","Two interpellations filed 29–30 April 2026 spotlight contrasting governance failures in the Tidö coalition: SD holds coalition partner Culture Minister Liljestrand (M) accountable for deferred…","Two interpellations filed 29–30 April 2026 spotlight contrasting governance failures in the Tidö coalition: SD holds…"
"news/2026-04-30-interpellations-zh.html","brandInDocTitle|descriptionTooLong","Interpellation Debates 30 April 2026: Cultural Heritage Neglect… — Riksdagsmonitor","Interpellation Debates 30 April 2026: Cultural Heritage Neglect…","Two interpellations filed 29–30 April 2026 spotlight contrasting governance failures in the Tidö coalition: SD holds coalition partner Culture Minister Liljestrand (M) accountable for deferred…","Two interpellations filed 29–30 April 2026 spotlight contrasting governance failures in the Tidö coalition: SD holds…"
"news/2026-04-30-month-ahead-ja.html","brandInDocTitle|descriptionTooLong","Sverige i maj 2026: Infrastruktur, rättssäkerhet och valpositionering… — Riksdagsmonitor","Sverige i maj 2026: Infrastruktur, rättssäkerhet och valpositionering…","May 2026 is the Tidöalliansen's final full legislative month before the September 2026 Riksdag election. Three legislative milestones dominate: the Riksdag vote on the 970 billion SEK National…","May 2026 is the Tidöalliansen's final full legislative month before the September 2026 Riksdag election."
"news/2026-04-30-month-ahead-ko.html","brandInDocTitle|descriptionTooLong","Sverige i maj 2026: Infrastruktur, rättssäkerhet och valpositionering… — Riksdagsmonitor","Sverige i maj 2026: Infrastruktur, rättssäkerhet och valpositionering…","May 2026 is the Tidöalliansen's final full legislative month before the September 2026 Riksdag election. Three legislative milestones dominate: the Riksdag vote on the 970 billion SEK National…","May 2026 is the Tidöalliansen's final full legislative month before the September 2026 Riksdag election."
"news/2026-04-30-month-ahead-zh.html","brandInDocTitle|descriptionTooLong","Sverige i maj 2026: Infrastruktur, rättssäkerhet och valpositionering… — Riksdagsmonitor","Sverige i maj 2026: Infrastruktur, rättssäkerhet och valpositionering…","May 2026 is the Tidöalliansen's final full legislative month before the September 2026 Riksdag election. Three legislative milestones dominate: the Riksdag vote on the 970 billion SEK National…","May 2026 is the Tidöalliansen's final full legislative month before the September 2026 Riksdag election."
"news/2026-04-30-motions-ja.html","brandInDocTitle|descriptionTooLong","Opposition Motions Challenge Government on Environmental Permitting… — Riksdagsmonitor","Opposition Motions Challenge Government on Environmental Permitting…","Swedish opposition parties have filed seventeen motions (2026-04-29) challenging the government's energy and environmental legislative agenda across four major areas: the creation of a new…","Swedish opposition parties have filed seventeen motions (2026-04-29) challenging the government's energy and…"
"news/2026-04-30-motions-ko.html","brandInDocTitle|descriptionTooLong","Opposition Motions Challenge Government on Environmental Permitting… — Riksdagsmonitor","Opposition Motions Challenge Government on Environmental Permitting…","Swedish opposition parties have filed seventeen motions (2026-04-29) challenging the government's energy and environmental legislative agenda across four major areas: the creation of a new…","Swedish opposition parties have filed seventeen motions (2026-04-29) challenging the government's energy and…"
"news/2026-04-30-motions-zh.html","brandInDocTitle|descriptionTooLong","Opposition Motions Challenge Government on Environmental Permitting… — Riksdagsmonitor","Opposition Motions Challenge Government on Environmental Permitting…","Swedish opposition parties have filed seventeen motions (2026-04-29) challenging the government's energy and environmental legislative agenda across four major areas: the creation of a new…","Swedish opposition parties have filed seventeen motions (2026-04-29) challenging the government's energy and…"
"news/2026-04-30-propositions-ja.html","brandInDocTitle|descriptionTooLong","Swedish Government Propositions, 30 April 2026 — Riksdagsmonitor","Swedish Government Propositions, 30 April 2026","Sweden's Kristersson government has submitted four significant propositions to the Riksdag in late April 2026, spanning infrastructure investment, criminal justice reform, EU financial regulation,…","Sweden's Kristersson government has submitted four significant propositions to the Riksdag in late April 2026, spanning…"
"news/2026-04-30-propositions-ko.html","brandInDocTitle|descriptionTooLong","Swedish Government Propositions, 30 April 2026 — Riksdagsmonitor","Swedish Government Propositions, 30 April 2026","Sweden's Kristersson government has submitted four significant propositions to the Riksdag in late April 2026, spanning infrastructure investment, criminal justice reform, EU financial regulation,…","Sweden's Kristersson government has submitted four significant propositions to the Riksdag in late April 2026, spanning…"
"news/2026-04-30-propositions-zh.html","brandInDocTitle|descriptionTooLong","Swedish Government Propositions, 30 April 2026 — Riksdagsmonitor","Swedish Government Propositions, 30 April 2026","Sweden's Kristersson government has submitted four significant propositions to the Riksdag in late April 2026, spanning infrastructure investment, criminal justice reform, EU financial regulation,…","Sweden's Kristersson government has submitted four significant propositions to the Riksdag in late April 2026, spanning…"
"news/2026-04-30-realtime-pulse-ja.html","brandInDocTitle|descriptionTooLong","Swedish Parliament Realtime Pulse, 30 April 2026 — Riksdagsmonitor","Swedish Parliament Realtime Pulse, 30 April 2026","Sweden's Kristersson government has mounted an extraordinary legislative surge on 30 April 2026, submitting a second major batch of propositions that concentrates enforcement power in three…","Sweden's Kristersson government has mounted an extraordinary legislative surge on 30 April 2026, submitting a second…"
"news/2026-04-30-realtime-pulse-ko.html","brandInDocTitle|descriptionTooLong","Swedish Parliament Realtime Pulse, 30 April 2026 — Riksdagsmonitor","Swedish Parliament Realtime Pulse, 30 April 2026","Sweden's Kristersson government has mounted an extraordinary legislative surge on 30 April 2026, submitting a second major batch of propositions that concentrates enforcement power in three…","Sweden's Kristersson government has mounted an extraordinary legislative surge on 30 April 2026, submitting a second…"
"news/2026-04-30-realtime-pulse-zh.html","brandInDocTitle|descriptionTooLong","Swedish Parliament Realtime Pulse, 30 April 2026 — Riksdagsmonitor","Swedish Parliament Realtime Pulse, 30 April 2026","Sweden's Kristersson government has mounted an extraordinary legislative surge on 30 April 2026, submitting a second major batch of propositions that concentrates enforcement power in three…","Sweden's Kristersson government has mounted an extraordinary legislative surge on 30 April 2026, submitting a second…"
"news/2026-05-01-committeeReports-ja.html","brandInDocTitle|descriptionTooLong","Riksdag Committee Reports: Sweden's Economic Course, Migration… — Riksdagsmonitor","Riksdag Committee Reports: Sweden's Economic Course, Migration…","The Riksdag's final week of the 2024/25 riksmöte produced a cluster of consequential committee reports that together define Sweden's economic framework for 2025–2026: the Finance Committee endorsed…","The Riksdag's final week of the 2024/25 riksmöte produced a cluster of consequential committee reports that together…"
"news/2026-05-01-committeeReports-ko.html","brandInDocTitle|descriptionTooLong","Riksdag Committee Reports: Sweden's Economic Course, Migration… — Riksdagsmonitor","Riksdag Committee Reports: Sweden's Economic Course, Migration…","The Riksdag's final week of the 2024/25 riksmöte produced a cluster of consequential committee reports that together define Sweden's economic framework for 2025–2026: the Finance Committee endorsed…","The Riksdag's final week of the 2024/25 riksmöte produced a cluster of consequential committee reports that together…"
"news/2026-05-01-committeeReports-zh.html","brandInDocTitle|descriptionTooLong","Riksdag Committee Reports: Sweden's Economic Course, Migration… — Riksdagsmonitor","Riksdag Committee Reports: Sweden's Economic Course, Migration…","The Riksdag's final week of the 2024/25 riksmöte produced a cluster of consequential committee reports that together define Sweden's economic framework for 2025–2026: the Finance Committee endorsed…","The Riksdag's final week of the 2024/25 riksmöte produced a cluster of consequential committee reports that together…"
"news/2026-05-01-interpellations-ja.html","brandInDocTitle|descriptionTooLong","BLUF (Bottom Line Up Front): Five interpellations filed 22-30 April — Riksdagsmonitor","BLUF (Bottom Line Up Front): Five interpellations filed 22-30 April","BLUF (Bottom Line Up Front): Five interpellations filed 22-30 April 2026 reveal three converging crises — Sweden's criminal economy (352 GSEK/5.5% GDP), gang violence accountability, and declining…","(Bottom Line Up Front): Five interpellations filed 22-30 April 2026 reveal three converging crises — Sweden's criminal…"
"news/2026-05-01-interpellations-ko.html","brandInDocTitle|descriptionTooLong","BLUF (Bottom Line Up Front): Five interpellations filed 22-30 April — Riksdagsmonitor","BLUF (Bottom Line Up Front): Five interpellations filed 22-30 April","BLUF (Bottom Line Up Front): Five interpellations filed 22-30 April 2026 reveal three converging crises — Sweden's criminal economy (352 GSEK/5.5% GDP), gang violence accountability, and declining…","(Bottom Line Up Front): Five interpellations filed 22-30 April 2026 reveal three converging crises — Sweden's criminal…"
"news/2026-05-01-interpellations-zh.html","brandInDocTitle|descriptionTooLong","BLUF (Bottom Line Up Front): Five interpellations filed 22-30 April — Riksdagsmonitor","BLUF (Bottom Line Up Front): Five interpellations filed 22-30 April","BLUF (Bottom Line Up Front): Five interpellations filed 22-30 April 2026 reveal three converging crises — Sweden's criminal economy (352 GSEK/5.5% GDP), gang violence accountability, and declining…","(Bottom Line Up Front): Five interpellations filed 22-30 April 2026 reveal three converging crises — Sweden's criminal…"
"news/2026-05-01-month-ahead-ja.html","brandInDocTitle|descriptionTooLong","Sweden May–June 2026: Migration Mega-Package, Defence Integration… — Riksdagsmonitor","Sweden May–June 2026: Migration Mega-Package, Defence Integration…","The Swedish Riksdag enters May–June 2026 in the most consequential pre-election legislative sprint in a generation. The Tidöalliansen government has filed four simultaneous migration propositions…","The Swedish Riksdag enters May–June 2026 in the most consequential pre-election legislative sprint in a generation."
"news/2026-05-01-month-ahead-ko.html","brandInDocTitle|descriptionTooLong","Sweden May–June 2026: Migration Mega-Package, Defence Integration… — Riksdagsmonitor","Sweden May–June 2026: Migration Mega-Package, Defence Integration…","The Swedish Riksdag enters May–June 2026 in the most consequential pre-election legislative sprint in a generation. The Tidöalliansen government has filed four simultaneous migration propositions…","The Swedish Riksdag enters May–June 2026 in the most consequential pre-election legislative sprint in a generation."
"news/2026-05-01-month-ahead-zh.html","brandInDocTitle|descriptionTooLong","Sweden May–June 2026: Migration Mega-Package, Defence Integration… — Riksdagsmonitor","Sweden May–June 2026: Migration Mega-Package, Defence Integration…","The Swedish Riksdag enters May–June 2026 in the most consequential pre-election legislative sprint in a generation. The Tidöalliansen government has filed four simultaneous migration propositions…","The Swedish Riksdag enters May–June 2026 in the most consequential pre-election legislative sprint in a generation."
"news/2026-05-01-motions-ja.html","brandInDocTitle|descriptionTooLong","Swedish Opposition Mounts Coordinated Challenge to Government's… — Riksdagsmonitor","Swedish Opposition Mounts Coordinated Challenge to Government's…","Sweden's Social Democratic opposition filed 16 committee motions on 2026-04-29 — the final pre-summer submission day — spanning five government propositions covering energy system reform,…","Sweden's Social Democratic opposition filed 16 committee motions on 2026-04-29 — the final pre-summer submission day —…"
"news/2026-05-01-motions-ko.html","brandInDocTitle|descriptionTooLong","Swedish Opposition Mounts Coordinated Challenge to Government's… — Riksdagsmonitor","Swedish Opposition Mounts Coordinated Challenge to Government's…","Sweden's Social Democratic opposition filed 16 committee motions on 2026-04-29 — the final pre-summer submission day — spanning five government propositions covering energy system reform,…","Sweden's Social Democratic opposition filed 16 committee motions on 2026-04-29 — the final pre-summer submission day —…"
"news/2026-05-01-motions-zh.html","brandInDocTitle|descriptionTooLong","Swedish Opposition Mounts Coordinated Challenge to Government's… — Riksdagsmonitor","Swedish Opposition Mounts Coordinated Challenge to Government's…","Sweden's Social Democratic opposition filed 16 committee motions on 2026-04-29 — the final pre-summer submission day — spanning five government propositions covering energy system reform,…","Sweden's Social Democratic opposition filed 16 committee motions on 2026-04-29 — the final pre-summer submission day —…"
"news/2026-05-01-propositions-ja.html","brandInDocTitle|descriptionTooLong","Sweden's Most Radical Migration Overhaul in Decades: Tidöalliansen… — Riksdagsmonitor","Sweden's Most Radical Migration Overhaul in Decades: Tidöalliansen…","The Tidöalliansen government submitted four simultaneous propositions on 30 April 2026 that together constitute Sweden's most sweeping restriction of asylum and migration rights since the temporary…","The Tidöalliansen government submitted four simultaneous propositions on 30 April 2026 that together constitute…"
"news/2026-05-01-propositions-ko.html","brandInDocTitle|descriptionTooLong","Sweden's Most Radical Migration Overhaul in Decades: Tidöalliansen… — Riksdagsmonitor","Sweden's Most Radical Migration Overhaul in Decades: Tidöalliansen…","The Tidöalliansen government submitted four simultaneous propositions on 30 April 2026 that together constitute Sweden's most sweeping restriction of asylum and migration rights since the temporary…","The Tidöalliansen government submitted four simultaneous propositions on 30 April 2026 that together constitute…"
"news/2026-05-01-propositions-zh.html","brandInDocTitle|descriptionTooLong","Sweden's Most Radical Migration Overhaul in Decades: Tidöalliansen… — Riksdagsmonitor","Sweden's Most Radical Migration Overhaul in Decades: Tidöalliansen…","The Tidöalliansen government submitted four simultaneous propositions on 30 April 2026 that together constitute Sweden's most sweeping restriction of asylum and migration rights since the temporary…","The Tidöalliansen government submitted four simultaneous propositions on 30 April 2026 that together constitute…"
"news/2026-05-01-realtime-pulse-ja.html","brandInDocTitle|descriptionTooLong","Sweden's Pre-Election Legislative Sprint: Migration, Crime… — Riksdagsmonitor","Sweden's Pre-Election Legislative Sprint: Migration, Crime…","Five months before Sweden's September 2026 general election, the Tidöalliansen government has launched its most ambitious pre-election legislative sprint: a four-bill migration mega-package…","Five months before Sweden's September 2026 general election, the Tidöalliansen government has launched its most…"
"news/2026-05-01-realtime-pulse-ko.html","brandInDocTitle|descriptionTooLong","Sweden's Pre-Election Legislative Sprint: Migration, Crime… — Riksdagsmonitor","Sweden's Pre-Election Legislative Sprint: Migration, Crime…","Five months before Sweden's September 2026 general election, the Tidöalliansen government has launched its most ambitious pre-election legislative sprint: a four-bill migration mega-package…","Five months before Sweden's September 2026 general election, the Tidöalliansen government has launched its most…"
"news/2026-05-01-realtime-pulse-zh.html","brandInDocTitle|descriptionTooLong","Sweden's Pre-Election Legislative Sprint: Migration, Crime… — Riksdagsmonitor","Sweden's Pre-Election Legislative Sprint: Migration, Crime…","Five months before Sweden's September 2026 general election, the Tidöalliansen government has launched its most ambitious pre-election legislative sprint: a four-bill migration mega-package…","Five months before Sweden's September 2026 general election, the Tidöalliansen government has launched its most…"
"news/2026-05-01-week-ahead-ja.html","brandInDocTitle|descriptionTooLong","Week Ahead: Sweden's Pre-Election Legislative Storm — 4–10 May 2026 — Riksdagsmonitor","Week Ahead: Sweden's Pre-Election Legislative Storm — 4–10 May 2026","The week of 4–10 May 2026 arrives five months before Sweden's general election with the Tidöalliansen government having just tabled its most consequential — and constitutionally risky — legislative…","The week of 4–10 May 2026 arrives five months before Sweden's general election with the Tidöalliansen government having…"
"news/2026-05-01-week-ahead-ko.html","brandInDocTitle|descriptionTooLong","Week Ahead: Sweden's Pre-Election Legislative Storm — 4–10 May 2026 — Riksdagsmonitor","Week Ahead: Sweden's Pre-Election Legislative Storm — 4–10 May 2026","The week of 4–10 May 2026 arrives five months before Sweden's general election with the Tidöalliansen government having just tabled its most consequential — and constitutionally risky — legislative…","The week of 4–10 May 2026 arrives five months before Sweden's general election with the Tidöalliansen government having…"
"news/2026-05-01-week-ahead-zh.html","brandInDocTitle|descriptionTooLong","Week Ahead: Sweden's Pre-Election Legislative Storm — 4–10 May 2026 — Riksdagsmonitor","Week Ahead: Sweden's Pre-Election Legislative Storm — 4–10 May 2026","The week of 4–10 May 2026 arrives five months before Sweden's general election with the Tidöalliansen government having just tabled its most consequential — and constitutionally risky — legislative…","The week of 4–10 May 2026 arrives five months before Sweden's general election with the Tidöalliansen government having…"
"news/2026-05-02-year-ahead-ar.html","adminInDescription|brandInDocTitle","Horizon: 365 days · Depth: comprehensive · Tier: C Election — Riksdagsmonitor","Horizon: 365 days · Depth: comprehensive · Tier: C Election","Horizon: 365 days · Depth: comprehensive · Tier: C Election countdown: 134 days to 2026-09-13 Confidence level: MEDIUM-HIGH for Q1–Q2 (months 1–6), MEDIUM for Q3–Q4 (months 7–12)","Sweden enters the most consequential twelve months since the 2022 election cycle. Four simultaneous migration reform propositions (HD03262–HD03265) signal a government prepared to…"
"news/2026-05-02-year-ahead-da.html","adminInDescription|brandInDocTitle","Horizon: 365 days · Depth: comprehensive · Tier: C Election — Riksdagsmonitor","Horizon: 365 days · Depth: comprehensive · Tier: C Election","Horizon: 365 days · Depth: comprehensive · Tier: C Election countdown: 134 days to 2026-09-13 Confidence level: MEDIUM-HIGH for Q1–Q2 (months 1–6), MEDIUM for Q3–Q4 (months 7–12)","Sweden enters the most consequential twelve months since the 2022 election cycle. Four simultaneous migration reform propositions (HD03262–HD03265) signal a government prepared to define the election…"
"news/2026-05-02-year-ahead-de.html","adminInDescription|brandInDocTitle","Horizon: 365 days · Depth: comprehensive · Tier: C Election — Riksdagsmonitor","Horizon: 365 days · Depth: comprehensive · Tier: C Election","Horizon: 365 days · Depth: comprehensive · Tier: C Election countdown: 134 days to 2026-09-13 Confidence level: MEDIUM-HIGH for Q1–Q2 (months 1–6), MEDIUM for Q3–Q4 (months 7–12)","Sweden enters the most consequential twelve months since the 2022 election cycle. Four simultaneous migration reform propositions (HD03262–HD03265) signal a government prepared to define the election…"
"news/2026-05-02-year-ahead-en.html","adminInDescription|brandInDocTitle","Horizon: 365 days · Depth: comprehensive · Tier: C Election — Riksdagsmonitor","Horizon: 365 days · Depth: comprehensive · Tier: C Election","Horizon: 365 days · Depth: comprehensive · Tier: C Election countdown: 134 days to 2026-09-13 Confidence level: MEDIUM-HIGH for Q1–Q2 (months 1–6), MEDIUM for Q3–Q4 (months 7–12)","Sweden enters the most consequential twelve months since the 2022 election cycle. Four simultaneous migration reform propositions (HD03262–HD03265) signal a government prepared to define the election…"
"news/2026-05-02-year-ahead-es.html","adminInDescription|brandInDocTitle","Horizon: 365 days · Depth: comprehensive · Tier: C Election — Riksdagsmonitor","Horizon: 365 days · Depth: comprehensive · Tier: C Election","Horizon: 365 days · Depth: comprehensive · Tier: C Election countdown: 134 days to 2026-09-13 Confidence level: MEDIUM-HIGH for Q1–Q2 (months 1–6), MEDIUM for Q3–Q4 (months 7–12)","Sweden enters the most consequential twelve months since the 2022 election cycle. Four simultaneous migration reform propositions (HD03262–HD03265) signal a government prepared to define the election…"
"news/2026-05-02-year-ahead-fi.html","adminInDescription|brandInDocTitle","Horizon: 365 days · Depth: comprehensive · Tier: C Election — Riksdagsmonitor","Horizon: 365 days · Depth: comprehensive · Tier: C Election","Horizon: 365 days · Depth: comprehensive · Tier: C Election countdown: 134 days to 2026-09-13 Confidence level: MEDIUM-HIGH for Q1–Q2 (months 1–6), MEDIUM for Q3–Q4 (months 7–12)","Sweden enters the most consequential twelve months since the 2022 election cycle. Four simultaneous migration reform propositions (HD03262–HD03265) signal a government prepared to define the election…"
"news/2026-05-02-year-ahead-fr.html","adminInDescription|brandInDocTitle","Horizon: 365 days · Depth: comprehensive · Tier: C Election — Riksdagsmonitor","Horizon: 365 days · Depth: comprehensive · Tier: C Election","Horizon: 365 days · Depth: comprehensive · Tier: C Election countdown: 134 days to 2026-09-13 Confidence level: MEDIUM-HIGH for Q1–Q2 (months 1–6), MEDIUM for Q3–Q4 (months 7–12)","Sweden enters the most consequential twelve months since the 2022 election cycle. Four simultaneous migration reform propositions (HD03262–HD03265) signal a government prepared to define the election…"
"news/2026-05-02-year-ahead-he.html","adminInDescription|brandInDocTitle","Horizon: 365 days · Depth: comprehensive · Tier: C Election — Riksdagsmonitor","Horizon: 365 days · Depth: comprehensive · Tier: C Election","Horizon: 365 days · Depth: comprehensive · Tier: C Election countdown: 134 days to 2026-09-13 Confidence level: MEDIUM-HIGH for Q1–Q2 (months 1–6), MEDIUM for Q3–Q4 (months 7–12)","Sweden enters the most consequential twelve months since the 2022 election cycle. Four simultaneous migration reform propositions (HD03262–HD03265) signal a government prepared to…"
"news/2026-05-02-year-ahead-ja.html","adminInDescription|brandInDocTitle|descriptionTooLong","Horizon: 365 days · Depth: comprehensive · Tier: C Election — Riksdagsmonitor","Horizon: 365 days · Depth: comprehensive · Tier: C Election","Horizon: 365 days · Depth: comprehensive · Tier: C Election countdown: 134 days to 2026-09-13 Confidence level: MEDIUM-HIGH for Q1–Q2 (months 1–6), MEDIUM for Q3–Q4 (months 7–12)","Sweden enters the most consequential twelve months since the 2022 election cycle."
"news/2026-05-02-year-ahead-ko.html","adminInDescription|brandInDocTitle|descriptionTooLong","Horizon: 365 days · Depth: comprehensive · Tier: C Election — Riksdagsmonitor","Horizon: 365 days · Depth: comprehensive · Tier: C Election","Horizon: 365 days · Depth: comprehensive · Tier: C Election countdown: 134 days to 2026-09-13 Confidence level: MEDIUM-HIGH for Q1–Q2 (months 1–6), MEDIUM for Q3–Q4 (months 7–12)","Sweden enters the most consequential twelve months since the 2022 election cycle."
"news/2026-05-02-year-ahead-nl.html","adminInDescription|brandInDocTitle","Horizon: 365 days · Depth: comprehensive · Tier: C Election — Riksdagsmonitor","Horizon: 365 days · Depth: comprehensive · Tier: C Election","Horizon: 365 days · Depth: comprehensive · Tier: C Election countdown: 134 days to 2026-09-13 Confidence level: MEDIUM-HIGH for Q1–Q2 (months 1–6), MEDIUM for Q3–Q4 (months 7–12)","Sweden enters the most consequential twelve months since the 2022 election cycle. Four simultaneous migration reform propositions (HD03262–HD03265) signal a government prepared to define the election…"
"news/2026-05-02-year-ahead-no.html","adminInDescription|brandInDocTitle","Horizon: 365 days · Depth: comprehensive · Tier: C Election — Riksdagsmonitor","Horizon: 365 days · Depth: comprehensive · Tier: C Election","Horizon: 365 days · Depth: comprehensive · Tier: C Election countdown: 134 days to 2026-09-13 Confidence level: MEDIUM-HIGH for Q1–Q2 (months 1–6), MEDIUM for Q3–Q4 (months 7–12)","Sweden enters the most consequential twelve months since the 2022 election cycle. Four simultaneous migration reform propositions (HD03262–HD03265) signal a government prepared to define the election…"
"news/2026-05-02-year-ahead-sv.html","adminInDescription|brandInDocTitle","Horizon: 365 days · Depth: comprehensive · Tier: C Election — Riksdagsmonitor","Horizon: 365 days · Depth: comprehensive · Tier: C Election","Horizon: 365 days · Depth: comprehensive · Tier: C Election countdown: 134 days to 2026-09-13 Confidence level: MEDIUM-HIGH for Q1–Q2 (months 1–6), MEDIUM for Q3–Q4 (months 7–12)","Sweden enters the most consequential twelve months since the 2022 election cycle. Four simultaneous migration reform propositions (HD03262–HD03265) signal a government prepared to define the election…"
"news/2026-05-02-year-ahead-zh.html","adminInDescription|brandInDocTitle|descriptionTooLong","Horizon: 365 days · Depth: comprehensive · Tier: C Election — Riksdagsmonitor","Horizon: 365 days · Depth: comprehensive · Tier: C Election","Horizon: 365 days · Depth: comprehensive · Tier: C Election countdown: 134 days to 2026-09-13 Confidence level: MEDIUM-HIGH for Q1–Q2 (months 1–6), MEDIUM for Q3–Q4 (months 7–12)","Sweden enters the most consequential twelve months since the 2022 election cycle."
"news/2026-05-03-month-ahead-ja.html","brandInDocTitle|descriptionTooLong","Sweden Month Ahead: June 2026 — Riksdagsmonitor","Sweden Month Ahead: June 2026","Sweden's Tidö coalition (M-SD-KD-L, 176/349 seats) has fired a pre-election legislative salvo with four simultaneous migration propositions filed April 30, 2026 — including the abolition of permanent…","Sweden's Tidö coalition (M-SD-KD-L, 176/349 seats) has fired a pre-election legislative salvo with four simultaneous…"
"news/2026-05-03-month-ahead-ko.html","brandInDocTitle|descriptionTooLong","Sweden Month Ahead: June 2026 — Riksdagsmonitor","Sweden Month Ahead: June 2026","Sweden's Tidö coalition (M-SD-KD-L, 176/349 seats) has fired a pre-election legislative salvo with four simultaneous migration propositions filed April 30, 2026 — including the abolition of permanent…","Sweden's Tidö coalition (M-SD-KD-L, 176/349 seats) has fired a pre-election legislative salvo with four simultaneous…"
"news/2026-05-03-month-ahead-zh.html","brandInDocTitle|descriptionTooLong","Sweden Month Ahead: June 2026 — Riksdagsmonitor","Sweden Month Ahead: June 2026","Sweden's Tidö coalition (M-SD-KD-L, 176/349 seats) has fired a pre-election legislative salvo with four simultaneous migration propositions filed April 30, 2026 — including the abolition of permanent…","Sweden's Tidö coalition (M-SD-KD-L, 176/349 seats) has fired a pre-election legislative salvo with four simultaneous…"
"news/2026-05-03-monthly-review-ja.html","brandInDocTitle|descriptionTooLong","Sweden's Pre-Election Migration Reset: May 2026 Monthly Review — Riksdagsmonitor","Sweden's Pre-Election Migration Reset: May 2026 Monthly Review","Sweden enters the final campaign stretch (133 days to 13 September 2026) with the Tidöalliansen having executed a coordinated four-bill migration law transformation (HD03262–HD03265) that…","Sweden enters the final campaign stretch (133 days to 13 September 2026) with the Tidöalliansen having executed a…"
"news/2026-05-03-monthly-review-ko.html","brandInDocTitle|descriptionTooLong","Sweden's Pre-Election Migration Reset: May 2026 Monthly Review — Riksdagsmonitor","Sweden's Pre-Election Migration Reset: May 2026 Monthly Review","Sweden enters the final campaign stretch (133 days to 13 September 2026) with the Tidöalliansen having executed a coordinated four-bill migration law transformation (HD03262–HD03265) that…","Sweden enters the final campaign stretch (133 days to 13 September 2026) with the Tidöalliansen having executed a…"
"news/2026-05-03-monthly-review-zh.html","brandInDocTitle|descriptionTooLong","Sweden's Pre-Election Migration Reset: May 2026 Monthly Review — Riksdagsmonitor","Sweden's Pre-Election Migration Reset: May 2026 Monthly Review","Sweden enters the final campaign stretch (133 days to 13 September 2026) with the Tidöalliansen having executed a coordinated four-bill migration law transformation (HD03262–HD03265) that…","Sweden enters the final campaign stretch (133 days to 13 September 2026) with the Tidöalliansen having executed a…"
"news/2026-05-04-committee-reports-ja.html","brandInDocTitle|descriptionTooLong","Swedish Riksdag Advances Nuclear Licensing Reform and Citizenship… — Riksdagsmonitor","Swedish Riksdag Advances Nuclear Licensing Reform and Citizenship…","The Riksdag's committee phase of riksmöte 2025/26 delivers two politically seismic betänkanden in the final week of April 2026: the Enterprise Committee (NU) approves a new law enabling direct…","The Riksdag's committee phase of riksmöte 2025/26 delivers two politically seismic betänkanden in the final week of…"
"news/2026-05-04-committee-reports-ko.html","brandInDocTitle|descriptionTooLong","Swedish Riksdag Advances Nuclear Licensing Reform and Citizenship… — Riksdagsmonitor","Swedish Riksdag Advances Nuclear Licensing Reform and Citizenship…","The Riksdag's committee phase of riksmöte 2025/26 delivers two politically seismic betänkanden in the final week of April 2026: the Enterprise Committee (NU) approves a new law enabling direct…","The Riksdag's committee phase of riksmöte 2025/26 delivers two politically seismic betänkanden in the final week of…"
"news/2026-05-04-committee-reports-zh.html","brandInDocTitle|descriptionTooLong","Swedish Riksdag Advances Nuclear Licensing Reform and Citizenship… — Riksdagsmonitor","Swedish Riksdag Advances Nuclear Licensing Reform and Citizenship…","The Riksdag's committee phase of riksmöte 2025/26 delivers two politically seismic betänkanden in the final week of April 2026: the Enterprise Committee (NU) approves a new law enabling direct…","The Riksdag's committee phase of riksmöte 2025/26 delivers two politically seismic betänkanden in the final week of…"
"news/2026-05-04-election-cycle-current-ja.html","brandInDocTitle|descriptionTooLong","Sweden's Current Election Cycle (2022–2026): The Reckoning Mandate — Riksdagsmonitor","Sweden's Current Election Cycle (2022–2026): The Reckoning Mandate","Sweden's 2022–2026 mandate is entering its final 132 days: a Tidö coalition of M+KD+L has governed with SD confidence-and-supply support, delivering the deepest shift in Swedish migration policy in a…","Sweden's 2022–2026 mandate is entering its final 132 days: a Tidö coalition of M+KD+L has governed with SD…"
"news/2026-05-04-election-cycle-current-ko.html","brandInDocTitle|descriptionTooLong","Sweden's Current Election Cycle (2022–2026): The Reckoning Mandate — Riksdagsmonitor","Sweden's Current Election Cycle (2022–2026): The Reckoning Mandate","Sweden's 2022–2026 mandate is entering its final 132 days: a Tidö coalition of M+KD+L has governed with SD confidence-and-supply support, delivering the deepest shift in Swedish migration policy in a…","Sweden's 2022–2026 mandate is entering its final 132 days: a Tidö coalition of M+KD+L has governed with SD…"
"news/2026-05-04-election-cycle-current-zh.html","brandInDocTitle|descriptionTooLong","Sweden's Current Election Cycle (2022–2026): The Reckoning Mandate — Riksdagsmonitor","Sweden's Current Election Cycle (2022–2026): The Reckoning Mandate","Sweden's 2022–2026 mandate is entering its final 132 days: a Tidö coalition of M+KD+L has governed with SD confidence-and-supply support, delivering the deepest shift in Swedish migration policy in a…","Sweden's 2022–2026 mandate is entering its final 132 days: a Tidö coalition of M+KD+L has governed with SD…"
"news/2026-05-04-election-cycle-ja.html","brandInDocTitle|descriptionTooLong","Swedish Election Cycle 2022–2030 — Riksdagsmonitor","Swedish Election Cycle 2022–2030","Sweden's Tidö government enters its final 132 days before the September 13, 2026 riksdag election. The M+KD+L minority government, sustained by Sverigedemokraterna (SD) confidence and supply since…","Sweden's Tidö government enters its final 132 days before the September 13, 2026 riksdag election."
"news/2026-05-04-election-cycle-ko.html","brandInDocTitle|descriptionTooLong","Swedish Election Cycle 2022–2030 — Riksdagsmonitor","Swedish Election Cycle 2022–2030","Sweden's Tidö government enters its final 132 days before the September 13, 2026 riksdag election. The M+KD+L minority government, sustained by Sverigedemokraterna (SD) confidence and supply since…","Sweden's Tidö government enters its final 132 days before the September 13, 2026 riksdag election."
"news/2026-05-04-election-cycle-next-ja.html","brandInDocTitle|descriptionTooLong","Sweden's Next Election Cycle (2026–2030): The Transformation Mandate — Riksdagsmonitor","Sweden's Next Election Cycle (2026–2030): The Transformation Mandate","The 2026–2030 Swedish mandate will be shaped by four structural megaforces that transcend electoral outcomes: NATO 2.4% GDP defence obligation (binding), nuclear construction decision (required by…","The 2026–2030 Swedish mandate will be shaped by four structural megaforces that transcend electoral outcomes: NATO 2.4%…"
"news/2026-05-04-election-cycle-next-ko.html","brandInDocTitle|descriptionTooLong","Sweden's Next Election Cycle (2026–2030): The Transformation Mandate — Riksdagsmonitor","Sweden's Next Election Cycle (2026–2030): The Transformation Mandate","The 2026–2030 Swedish mandate will be shaped by four structural megaforces that transcend electoral outcomes: NATO 2.4% GDP defence obligation (binding), nuclear construction decision (required by…","The 2026–2030 Swedish mandate will be shaped by four structural megaforces that transcend electoral outcomes: NATO 2.4%…"
"news/2026-05-04-election-cycle-next-zh.html","brandInDocTitle|descriptionTooLong","Sweden's Next Election Cycle (2026–2030): The Transformation Mandate — Riksdagsmonitor","Sweden's Next Election Cycle (2026–2030): The Transformation Mandate","The 2026–2030 Swedish mandate will be shaped by four structural megaforces that transcend electoral outcomes: NATO 2.4% GDP defence obligation (binding), nuclear construction decision (required by…","The 2026–2030 Swedish mandate will be shaped by four structural megaforces that transcend electoral outcomes: NATO 2.4%…"
"news/2026-05-04-election-cycle-zh.html","brandInDocTitle|descriptionTooLong","Swedish Election Cycle 2022–2030 — Riksdagsmonitor","Swedish Election Cycle 2022–2030","Sweden's Tidö government enters its final 132 days before the September 13, 2026 riksdag election. The M+KD+L minority government, sustained by Sverigedemokraterna (SD) confidence and supply since…","Sweden's Tidö government enters its final 132 days before the September 13, 2026 riksdag election."
"news/2026-05-04-evening-analysis-ja.html","brandInDocTitle|descriptionTooLong","Evening Analysis, 4 May 2026 — Riksdagsmonitor","Evening Analysis, 4 May 2026","Sweden's Riksdag on 4 May 2026 — 132 days before the September 13 election — entered an accelerated legislative closure phase: the constitutional committee (KU) registered betänkande KU39 on…","IMF Provenance: WEO Apr-2026 | NGDP_RPCH_2026: 2.1% | GGXWDG_NGDP: ~34% | retrieved: 2026-05-04"
"news/2026-05-04-evening-analysis-ko.html","brandInDocTitle|descriptionTooLong","Evening Analysis, 4 May 2026 — Riksdagsmonitor","Evening Analysis, 4 May 2026","Sweden's Riksdag on 4 May 2026 — 132 days before the September 13 election — entered an accelerated legislative closure phase: the constitutional committee (KU) registered betänkande KU39 on…","IMF Provenance: WEO Apr-2026 | NGDP_RPCH_2026: 2.1% | GGXWDG_NGDP: ~34% | retrieved: 2026-05-04"
"news/2026-05-04-evening-analysis-zh.html","brandInDocTitle|descriptionTooLong","Evening Analysis, 4 May 2026 — Riksdagsmonitor","Evening Analysis, 4 May 2026","Sweden's Riksdag on 4 May 2026 — 132 days before the September 13 election — entered an accelerated legislative closure phase: the constitutional committee (KU) registered betänkande KU39 on…","IMF Provenance: WEO Apr-2026 | NGDP_RPCH_2026: 2.1% | GGXWDG_NGDP: ~34% | retrieved: 2026-05-04"
"news/2026-05-04-interpellations-ja.html","brandInDocTitle|descriptionTooLong","PIR-1: Will the government's April 20 ""gang crime eradication"" — Riksdagsmonitor","PIR-1: Will the government's April 20 ""gang crime eradication""","PIR-1: Will the government's April 20 ""gang crime eradication"" promise survive political and empirical scrutiny ahead of the election? PIR-2: How will Sweden's declining ESA contribution profile…","PIR-1: Will the government's April 20 ""gang crime eradication"" promise survive political and empirical scrutiny ahead…"
"news/2026-05-04-interpellations-ko.html","brandInDocTitle|descriptionTooLong","PIR-1: Will the government's April 20 ""gang crime eradication"" — Riksdagsmonitor","PIR-1: Will the government's April 20 ""gang crime eradication""","PIR-1: Will the government's April 20 ""gang crime eradication"" promise survive political and empirical scrutiny ahead of the election? PIR-2: How will Sweden's declining ESA contribution profile…","PIR-1: Will the government's April 20 ""gang crime eradication"" promise survive political and empirical scrutiny ahead…"
"news/2026-05-04-interpellations-zh.html","brandInDocTitle|descriptionTooLong","PIR-1: Will the government's April 20 ""gang crime eradication"" — Riksdagsmonitor","PIR-1: Will the government's April 20 ""gang crime eradication""","PIR-1: Will the government's April 20 ""gang crime eradication"" promise survive political and empirical scrutiny ahead of the election? PIR-2: How will Sweden's declining ESA contribution profile…","PIR-1: Will the government's April 20 ""gang crime eradication"" promise survive political and empirical scrutiny ahead…"
"news/2026-05-04-motions-ja.html","brandInDocTitle|descriptionTooLong","Opposition Motions Challenging Six Government Propositions… — Riksdagsmonitor","Opposition Motions Challenging Six Government Propositions…","Sixteen active opposition motions filed 2026-04-29 challenge six government propositions across energy, environment, criminal justice, transport, and taxation policy.","Sixteen active opposition motions filed 2026-04-29 challenge six government propositions across energy, environment,…"
"news/2026-05-04-motions-ko.html","brandInDocTitle|descriptionTooLong","Opposition Motions Challenging Six Government Propositions… — Riksdagsmonitor","Opposition Motions Challenging Six Government Propositions…","Sixteen active opposition motions filed 2026-04-29 challenge six government propositions across energy, environment, criminal justice, transport, and taxation policy.","Sixteen active opposition motions filed 2026-04-29 challenge six government propositions across energy, environment,…"
"news/2026-05-04-motions-zh.html","brandInDocTitle|descriptionTooLong","Opposition Motions Challenging Six Government Propositions… — Riksdagsmonitor","Opposition Motions Challenging Six Government Propositions…","Sixteen active opposition motions filed 2026-04-29 challenge six government propositions across energy, environment, criminal justice, transport, and taxation policy.","Sixteen active opposition motions filed 2026-04-29 challenge six government propositions across energy, environment,…"
"news/2026-05-04-propositions-ja.html","brandInDocTitle|descriptionTooLong","Executive Intelligence Brief — Swedish Government Propositions — Riksdagsmonitor","Executive Intelligence Brief — Swedish Government Propositions","The Swedish government released 8 propositions on 30 April 2026, dominated by a four-proposition migration reform cluster that collectively eliminates permanent residence permits, implements the EU…","Election Proximity Multiplier: 1.5× (T-132 days to 2026-09-13)"
"news/2026-05-04-propositions-ko.html","brandInDocTitle|descriptionTooLong","Executive Intelligence Brief — Swedish Government Propositions — Riksdagsmonitor","Executive Intelligence Brief — Swedish Government Propositions","The Swedish government released 8 propositions on 30 April 2026, dominated by a four-proposition migration reform cluster that collectively eliminates permanent residence permits, implements the EU…","Election Proximity Multiplier: 1.5× (T-132 days to 2026-09-13)"
"news/2026-05-04-propositions-zh.html","brandInDocTitle|descriptionTooLong","Executive Intelligence Brief — Swedish Government Propositions — Riksdagsmonitor","Executive Intelligence Brief — Swedish Government Propositions","The Swedish government released 8 propositions on 30 April 2026, dominated by a four-proposition migration reform cluster that collectively eliminates permanent residence permits, implements the EU…","Election Proximity Multiplier: 1.5× (T-132 days to 2026-09-13)"
"news/2026-05-04-realtime-pulse-ja.html","brandInDocTitle|descriptionTooLong","Sweden's Riksdag on 4 May 2026 produced its most concentrated — Riksdagsmonitor","Sweden's Riksdag on 4 May 2026 produced its most concentrated","Sweden's Riksdag on 4 May 2026 produced its most concentrated pre-election legislative output to date: the Industry Committee (NU) recommended approval of direct-track nuclear facility permitting…","Days to Election 2026-09-13: 132 Workflow: news-realtime-monitor"
"news/2026-05-04-realtime-pulse-ko.html","brandInDocTitle|descriptionTooLong","Sweden's Riksdag on 4 May 2026 produced its most concentrated — Riksdagsmonitor","Sweden's Riksdag on 4 May 2026 produced its most concentrated","Sweden's Riksdag on 4 May 2026 produced its most concentrated pre-election legislative output to date: the Industry Committee (NU) recommended approval of direct-track nuclear facility permitting…","Days to Election 2026-09-13: 132 Workflow: news-realtime-monitor"
"news/2026-05-04-realtime-pulse-zh.html","brandInDocTitle|descriptionTooLong","Sweden's Riksdag on 4 May 2026 produced its most concentrated — Riksdagsmonitor","Sweden's Riksdag on 4 May 2026 produced its most concentrated","Sweden's Riksdag on 4 May 2026 produced its most concentrated pre-election legislative output to date: the Industry Committee (NU) recommended approval of direct-track nuclear facility permitting…","Days to Election 2026-09-13: 132 Workflow: news-realtime-monitor"
"news/2026-05-04-year-ahead-ja.html","brandInDocTitle|descriptionTooLong","Sweden's Year Ahead: Election 2026, Defence Pivot, and Economic… — Riksdagsmonitor","Sweden's Year Ahead: Election 2026, Defence Pivot, and Economic…","Sweden faces its most consequential year since NATO accession: the September 13, 2026 Riksdag election will determine whether the Tidö centre-right coalition continues or a Social Democrat–led bloc…","Sweden faces its most consequential year since NATO accession: the September 13, 2026 Riksdag election will determine…"
"news/2026-05-04-year-ahead-ko.html","brandInDocTitle|descriptionTooLong","Sweden's Year Ahead: Election 2026, Defence Pivot, and Economic… — Riksdagsmonitor","Sweden's Year Ahead: Election 2026, Defence Pivot, and Economic…","Sweden faces its most consequential year since NATO accession: the September 13, 2026 Riksdag election will determine whether the Tidö centre-right coalition continues or a Social Democrat–led bloc…","Sweden faces its most consequential year since NATO accession: the September 13, 2026 Riksdag election will determine…"
"news/2026-05-04-year-ahead-zh.html","brandInDocTitle|descriptionTooLong","Sweden's Year Ahead: Election 2026, Defence Pivot, and Economic… — Riksdagsmonitor","Sweden's Year Ahead: Election 2026, Defence Pivot, and Economic…","Sweden faces its most consequential year since NATO accession: the September 13, 2026 Riksdag election will determine whether the Tidö centre-right coalition continues or a Social Democrat–led bloc…","Sweden faces its most consequential year since NATO accession: the September 13, 2026 Riksdag election will determine…"
"news/2026-05-05-committeeReports-ja.html","brandInDocTitle|descriptionTooLong","Riksdag Committee Reports — May 5, 2026 — Riksdagsmonitor","Riksdag Committee Reports — May 5, 2026","Two planned betänkanden from the Finance Committee (FiU49) and Constitutional Affairs Committee (KU39) signal Sweden's legislative agenda in the final pre-election sprint before the September 13,…","Two planned betänkanden from the Finance Committee (FiU49) and Constitutional Affairs Committee (KU39) signal Sweden's…"
"news/2026-05-05-committeeReports-ko.html","brandInDocTitle|descriptionTooLong","Riksdag Committee Reports — May 5, 2026 — Riksdagsmonitor","Riksdag Committee Reports — May 5, 2026","Two planned betänkanden from the Finance Committee (FiU49) and Constitutional Affairs Committee (KU39) signal Sweden's legislative agenda in the final pre-election sprint before the September 13,…","Two planned betänkanden from the Finance Committee (FiU49) and Constitutional Affairs Committee (KU39) signal Sweden's…"
"news/2026-05-05-committeeReports-zh.html","brandInDocTitle|descriptionTooLong","Riksdag Committee Reports — May 5, 2026 — Riksdagsmonitor","Riksdag Committee Reports — May 5, 2026","Two planned betänkanden from the Finance Committee (FiU49) and Constitutional Affairs Committee (KU39) signal Sweden's legislative agenda in the final pre-election sprint before the September 13,…","Two planned betänkanden from the Finance Committee (FiU49) and Constitutional Affairs Committee (KU39) signal Sweden's…"
"news/2026-05-05-election-cycle-current-ja.html","brandInDocTitle|descriptionTooLong","Sweden's Tidö coalition enters its final 131-day stretch with five — Riksdagsmonitor","Sweden's Tidö coalition enters its final 131-day stretch with five","Sweden's Tidö coalition enters its final 131-day stretch with five critical signals from today's parliamentary record that require immediate analytical attention:","Sweden's Tidö coalition enters its final 131-day stretch with five critical signals from today's parliamentary record…"
"news/2026-05-05-election-cycle-current-ko.html","brandInDocTitle|descriptionTooLong","Sweden's Tidö coalition enters its final 131-day stretch with five — Riksdagsmonitor","Sweden's Tidö coalition enters its final 131-day stretch with five","Sweden's Tidö coalition enters its final 131-day stretch with five critical signals from today's parliamentary record that require immediate analytical attention:","Sweden's Tidö coalition enters its final 131-day stretch with five critical signals from today's parliamentary record…"
"news/2026-05-05-election-cycle-current-zh.html","brandInDocTitle|descriptionTooLong","Sweden's Tidö coalition enters its final 131-day stretch with five — Riksdagsmonitor","Sweden's Tidö coalition enters its final 131-day stretch with five","Sweden's Tidö coalition enters its final 131-day stretch with five critical signals from today's parliamentary record that require immediate analytical attention:","Sweden's Tidö coalition enters its final 131-day stretch with five critical signals from today's parliamentary record…"
"news/2026-05-05-election-cycle-next-ja.html","brandInDocTitle|descriptionTooLong","The next Swedish government will be formed in the 3-6 weeks — Riksdagsmonitor","The next Swedish government will be formed in the 3-6 weeks","The next Swedish government will be formed in the 3-6 weeks after 2026-09-13. The decisive question is not ""who wins"" but ""what SD demands"" and ""what C decides.""","The next Swedish government will be formed in the 3-6 weeks after 2026-09-13."
"news/2026-05-05-election-cycle-next-ko.html","brandInDocTitle|descriptionTooLong","The next Swedish government will be formed in the 3-6 weeks — Riksdagsmonitor","The next Swedish government will be formed in the 3-6 weeks","The next Swedish government will be formed in the 3-6 weeks after 2026-09-13. The decisive question is not ""who wins"" but ""what SD demands"" and ""what C decides.""","The next Swedish government will be formed in the 3-6 weeks after 2026-09-13."
"news/2026-05-05-election-cycle-next-zh.html","brandInDocTitle|descriptionTooLong","The next Swedish government will be formed in the 3-6 weeks — Riksdagsmonitor","The next Swedish government will be formed in the 3-6 weeks","The next Swedish government will be formed in the 3-6 weeks after 2026-09-13. The decisive question is not ""who wins"" but ""what SD demands"" and ""what C decides.""","The next Swedish government will be formed in the 3-6 weeks after 2026-09-13."
"news/2026-05-05-evening-analysis-ja.html","brandInDocTitle|descriptionTooLong","SD fires two coordinated state-reform salvos: Interpellations HD10464 — Riksdagsmonitor","SD fires two coordinated state-reform salvos: Interpellations HD10464","SD fires two coordinated state-reform salvos: Interpellations HD10464 (abolish Sida) and HD10466 (non-political Regeringskansliet civil servants) signal a pre-election campaign to reframe the Swedish…","SD fires two coordinated state-reform salvos: Interpellations HD10464 (abolish Sida) and HD10466 (non-political…"
"news/2026-05-05-evening-analysis-ko.html","brandInDocTitle|descriptionTooLong","SD fires two coordinated state-reform salvos: Interpellations HD10464 — Riksdagsmonitor","SD fires two coordinated state-reform salvos: Interpellations HD10464","SD fires two coordinated state-reform salvos: Interpellations HD10464 (abolish Sida) and HD10466 (non-political Regeringskansliet civil servants) signal a pre-election campaign to reframe the Swedish…","SD fires two coordinated state-reform salvos: Interpellations HD10464 (abolish Sida) and HD10466 (non-political…"
"news/2026-05-05-evening-analysis-zh.html","brandInDocTitle|descriptionTooLong","SD fires two coordinated state-reform salvos: Interpellations HD10464 — Riksdagsmonitor","SD fires two coordinated state-reform salvos: Interpellations HD10464","SD fires two coordinated state-reform salvos: Interpellations HD10464 (abolish Sida) and HD10466 (non-political Regeringskansliet civil servants) signal a pre-election campaign to reframe the Swedish…","SD fires two coordinated state-reform salvos: Interpellations HD10464 (abolish Sida) and HD10466 (non-political…"
"news/2026-05-05-interpellations-ja.html","brandInDocTitle|descriptionTooLong","Sweden's parliamentary accountability pulse on 5 May 2026 — Riksdagsmonitor","Sweden's parliamentary accountability pulse on 5 May 2026","Sweden's parliamentary accountability pulse on 5 May 2026 is dominated by five interpellations that collectively expose three structural fault lines in the Tidö coalition's second term:…","Sweden's parliamentary accountability pulse on 5 May 2026 is dominated by five interpellations that collectively expose…"
"news/2026-05-05-interpellations-ko.html","brandInDocTitle|descriptionTooLong","Sweden's parliamentary accountability pulse on 5 May 2026 — Riksdagsmonitor","Sweden's parliamentary accountability pulse on 5 May 2026","Sweden's parliamentary accountability pulse on 5 May 2026 is dominated by five interpellations that collectively expose three structural fault lines in the Tidö coalition's second term:…","Sweden's parliamentary accountability pulse on 5 May 2026 is dominated by five interpellations that collectively expose…"
"news/2026-05-05-interpellations-zh.html","brandInDocTitle|descriptionTooLong","Sweden's parliamentary accountability pulse on 5 May 2026 — Riksdagsmonitor","Sweden's parliamentary accountability pulse on 5 May 2026","Sweden's parliamentary accountability pulse on 5 May 2026 is dominated by five interpellations that collectively expose three structural fault lines in the Tidö coalition's second term:…","Sweden's parliamentary accountability pulse on 5 May 2026 is dominated by five interpellations that collectively expose…"
"news/2026-05-05-motions-ja.html","brandInDocTitle|descriptionTooLong","Opposition Parties Challenge Forestry Deregulation and Youth Crime… — Riksdagsmonitor","Opposition Parties Challenge Forestry Deregulation and Youth Crime…","Eight opposition committee motions filed on 2026-05-04 mount a broad, cross-party challenge to two government propositions: five parties contest the Ulf Kristersson government's forestry deregulation…","Eight opposition committee motions filed on 2026-05-04 mount a broad, cross-party challenge to two government…"
"news/2026-05-05-motions-ko.html","brandInDocTitle|descriptionTooLong","Opposition Parties Challenge Forestry Deregulation and Youth Crime… — Riksdagsmonitor","Opposition Parties Challenge Forestry Deregulation and Youth Crime…","Eight opposition committee motions filed on 2026-05-04 mount a broad, cross-party challenge to two government propositions: five parties contest the Ulf Kristersson government's forestry deregulation…","Eight opposition committee motions filed on 2026-05-04 mount a broad, cross-party challenge to two government…"
"news/2026-05-05-motions-zh.html","brandInDocTitle|descriptionTooLong","Opposition Parties Challenge Forestry Deregulation and Youth Crime… — Riksdagsmonitor","Opposition Parties Challenge Forestry Deregulation and Youth Crime…","Eight opposition committee motions filed on 2026-05-04 mount a broad, cross-party challenge to two government propositions: five parties contest the Ulf Kristersson government's forestry deregulation…","Eight opposition committee motions filed on 2026-05-04 mount a broad, cross-party challenge to two government…"
"news/2026-05-05-propositions-ja.html","brandInDocTitle|descriptionTooLong","Sweden Strengthens Macro-Prudential Arsenal with Household Debt… — Riksdagsmonitor","Sweden Strengthens Macro-Prudential Arsenal with Household Debt…","Sweden's government introduced Proposition 2025/26:255 (HD03255) on 5 May 2026, creating a statutory basis for Finansinspektionen to conduct mandatory sample surveys of household debt data from…","Sweden's government introduced Proposition 2025/26:255 (HD03255) on 5 May 2026, creating a statutory basis for…"
"news/2026-05-05-propositions-ko.html","brandInDocTitle|descriptionTooLong","Sweden Strengthens Macro-Prudential Arsenal with Household Debt… — Riksdagsmonitor","Sweden Strengthens Macro-Prudential Arsenal with Household Debt…","Sweden's government introduced Proposition 2025/26:255 (HD03255) on 5 May 2026, creating a statutory basis for Finansinspektionen to conduct mandatory sample surveys of household debt data from…","Sweden's government introduced Proposition 2025/26:255 (HD03255) on 5 May 2026, creating a statutory basis for…"
"news/2026-05-05-propositions-zh.html","brandInDocTitle|descriptionTooLong","Sweden Strengthens Macro-Prudential Arsenal with Household Debt… — Riksdagsmonitor","Sweden Strengthens Macro-Prudential Arsenal with Household Debt…","Sweden's government introduced Proposition 2025/26:255 (HD03255) on 5 May 2026, creating a statutory basis for Finansinspektionen to conduct mandatory sample surveys of household debt data from…","Sweden's government introduced Proposition 2025/26:255 (HD03255) on 5 May 2026, creating a statutory basis for…"
"news/2026-05-05-realtime-pulse-ja.html","brandInDocTitle|descriptionTooLong","Sweden's Pre-Election Legislative Sprint Exposes Coalition Fault Lines — Riksdagsmonitor","Sweden's Pre-Election Legislative Sprint Exposes Coalition Fault Lines","The 2026-05-05 parliamentary pulse reveals a Tidö government prosecuting its legislative agenda at pace — household debt surveillance (HD03255), forestry deregulation (prop. 2025/26:242), criminal…","The 2026-05-05 parliamentary pulse reveals a Tidö government prosecuting its legislative agenda at pace — household…"
"news/2026-05-05-realtime-pulse-ko.html","brandInDocTitle|descriptionTooLong","Sweden's Pre-Election Legislative Sprint Exposes Coalition Fault Lines — Riksdagsmonitor","Sweden's Pre-Election Legislative Sprint Exposes Coalition Fault Lines","The 2026-05-05 parliamentary pulse reveals a Tidö government prosecuting its legislative agenda at pace — household debt surveillance (HD03255), forestry deregulation (prop. 2025/26:242), criminal…","The 2026-05-05 parliamentary pulse reveals a Tidö government prosecuting its legislative agenda at pace — household…"
"news/2026-05-05-realtime-pulse-zh.html","brandInDocTitle|descriptionTooLong","Sweden's Pre-Election Legislative Sprint Exposes Coalition Fault Lines — Riksdagsmonitor","Sweden's Pre-Election Legislative Sprint Exposes Coalition Fault Lines","The 2026-05-05 parliamentary pulse reveals a Tidö government prosecuting its legislative agenda at pace — household debt surveillance (HD03255), forestry deregulation (prop. 2025/26:242), criminal…","The 2026-05-05 parliamentary pulse reveals a Tidö government prosecuting its legislative agenda at pace — household…"
"news/2026-05-06-committeeReports-ja.html","brandInDocTitle|descriptionTooLong","Parliamentary Committee Decisions — 6 May 2026 — Riksdagsmonitor","Parliamentary Committee Decisions — 6 May 2026","Five parliamentary committee decisions were adopted on 6 May 2026, spanning four policy domains. The most consequential is SfU21 — introducing a qualifying period for residence-based social insurance…","Five parliamentary committee decisions were adopted on 6 May 2026, spanning four policy domains."
"news/2026-05-06-committeeReports-ko.html","brandInDocTitle|descriptionTooLong","Parliamentary Committee Decisions — 6 May 2026 — Riksdagsmonitor","Parliamentary Committee Decisions — 6 May 2026","Five parliamentary committee decisions were adopted on 6 May 2026, spanning four policy domains. The most consequential is SfU21 — introducing a qualifying period for residence-based social insurance…","Five parliamentary committee decisions were adopted on 6 May 2026, spanning four policy domains."
"news/2026-05-06-committeeReports-zh.html","brandInDocTitle|descriptionTooLong","Parliamentary Committee Decisions — 6 May 2026 — Riksdagsmonitor","Parliamentary Committee Decisions — 6 May 2026","Five parliamentary committee decisions were adopted on 6 May 2026, spanning four policy domains. The most consequential is SfU21 — introducing a qualifying period for residence-based social insurance…","Five parliamentary committee decisions were adopted on 6 May 2026, spanning four policy domains."
"news/2026-05-06-election-cycle-current-ja.html","brandInDocTitle|descriptionTooLong","Tidö Current Mandate — Riksdagsmonitor","Tidö Current Mandate","Sweden's Tidö coalition (M+KD+L+SD) completes its final legislative sprint with five major committee reports on 2026-05-06 confirming the mandate's core narrative: criminal justice delivery, defence…","Sweden's Tidö coalition (M+KD+L+SD) completes its final legislative sprint with five major committee reports on…"
"news/2026-05-06-election-cycle-current-ko.html","brandInDocTitle|descriptionTooLong","Tidö Current Mandate — Riksdagsmonitor","Tidö Current Mandate","Sweden's Tidö coalition (M+KD+L+SD) completes its final legislative sprint with five major committee reports on 2026-05-06 confirming the mandate's core narrative: criminal justice delivery, defence…","Sweden's Tidö coalition (M+KD+L+SD) completes its final legislative sprint with five major committee reports on…"
"news/2026-05-06-election-cycle-current-zh.html","brandInDocTitle|descriptionTooLong","Tidö Current Mandate — Riksdagsmonitor","Tidö Current Mandate","Sweden's Tidö coalition (M+KD+L+SD) completes its final legislative sprint with five major committee reports on 2026-05-06 confirming the mandate's core narrative: criminal justice delivery, defence…","Sweden's Tidö coalition (M+KD+L+SD) completes its final legislative sprint with five major committee reports on…"
"news/2026-05-06-election-cycle-next-ja.html","brandInDocTitle|descriptionTooLong","Post-2026 Coalition Intelligence (2026-2030) — Riksdagsmonitor","Post-2026 Coalition Intelligence (2026-2030)","The post-2026 election cycle (2026-2030) will be governed by one of two fundamentally different coalitions — Tidö continuation (WEP LIKELY) or Red-Green bloc (WEP UNLIKELY).","The post-2026 election cycle (2026-2030) will be governed by one of two fundamentally different coalitions — Tidö…"
"news/2026-05-06-election-cycle-next-ko.html","brandInDocTitle|descriptionTooLong","Post-2026 Coalition Intelligence (2026-2030) — Riksdagsmonitor","Post-2026 Coalition Intelligence (2026-2030)","The post-2026 election cycle (2026-2030) will be governed by one of two fundamentally different coalitions — Tidö continuation (WEP LIKELY) or Red-Green bloc (WEP UNLIKELY).","The post-2026 election cycle (2026-2030) will be governed by one of two fundamentally different coalitions — Tidö…"
"news/2026-05-06-election-cycle-next-zh.html","brandInDocTitle|descriptionTooLong","Post-2026 Coalition Intelligence (2026-2030) — Riksdagsmonitor","Post-2026 Coalition Intelligence (2026-2030)","The post-2026 election cycle (2026-2030) will be governed by one of two fundamentally different coalitions — Tidö continuation (WEP LIKELY) or Red-Green bloc (WEP UNLIKELY).","The post-2026 election cycle (2026-2030) will be governed by one of two fundamentally different coalitions — Tidö…"
"news/2026-05-06-evening-analysis-ja.html","brandInDocTitle|descriptionTooLong","Parliamentary Evening Intelligence — 6 May 2026 — Riksdagsmonitor","Parliamentary Evening Intelligence — 6 May 2026","6 May 2026 is the most consequential single legislative day of the Tidö government era. Four landmark decisions locked in structural changes to criminal justice, welfare, and defence intelligence…","6 May 2026 is the most consequential single legislative day of the Tidö government era."
"news/2026-05-06-evening-analysis-ko.html","brandInDocTitle|descriptionTooLong","Parliamentary Evening Intelligence — 6 May 2026 — Riksdagsmonitor","Parliamentary Evening Intelligence — 6 May 2026","6 May 2026 is the most consequential single legislative day of the Tidö government era. Four landmark decisions locked in structural changes to criminal justice, welfare, and defence intelligence…","6 May 2026 is the most consequential single legislative day of the Tidö government era."
"news/2026-05-06-evening-analysis-zh.html","brandInDocTitle|descriptionTooLong","Parliamentary Evening Intelligence — 6 May 2026 — Riksdagsmonitor","Parliamentary Evening Intelligence — 6 May 2026","6 May 2026 is the most consequential single legislative day of the Tidö government era. Four landmark decisions locked in structural changes to criminal justice, welfare, and defence intelligence…","6 May 2026 is the most consequential single legislative day of the Tidö government era."
"news/2026-05-06-interpellations-ar.html","brandInDocTitle|isoDateInTitle","Five interpellations filed 2026-05-06 reveal a Swedish opposition — Riksdagsmonitor","Five interpellations filed reveal a Swedish opposition","Five interpellations filed 2026-05-06 reveal a Swedish opposition (S, independents) pressing the Tidö government on three policy fronts simultaneously: (1) a politically explosive international…","Five interpellations filed 2026-05-06 reveal a Swedish opposition (S, independents) pressing the Tidö government on three policy fronts simultaneously: (1) a politically explosive…"
"news/2026-05-06-interpellations-da.html","brandInDocTitle|isoDateInTitle","Five interpellations filed 2026-05-06 reveal a Swedish opposition — Riksdagsmonitor","Five interpellations filed reveal a Swedish opposition","Five interpellations filed 2026-05-06 reveal a Swedish opposition (S, independents) pressing the Tidö government on three policy fronts simultaneously: (1) a politically explosive international…","Five interpellations filed 2026-05-06 reveal a Swedish opposition (S, independents) pressing the Tidö government on three policy fronts simultaneously: (1) a politically explosive international…"
"news/2026-05-06-interpellations-de.html","brandInDocTitle|isoDateInTitle","Five interpellations filed 2026-05-06 reveal a Swedish opposition — Riksdagsmonitor","Five interpellations filed reveal a Swedish opposition","Five interpellations filed 2026-05-06 reveal a Swedish opposition (S, independents) pressing the Tidö government on three policy fronts simultaneously: (1) a politically explosive international…","Five interpellations filed 2026-05-06 reveal a Swedish opposition (S, independents) pressing the Tidö government on three policy fronts simultaneously: (1) a politically explosive international…"
"news/2026-05-06-interpellations-en.html","brandInDocTitle|isoDateInTitle","Five interpellations filed 2026-05-06 reveal a Swedish opposition — Riksdagsmonitor","Five interpellations filed reveal a Swedish opposition","Five interpellations filed 2026-05-06 reveal a Swedish opposition (S, independents) pressing the Tidö government on three policy fronts simultaneously: (1) a politically explosive international…","Five interpellations filed 2026-05-06 reveal a Swedish opposition (S, independents) pressing the Tidö government on three policy fronts simultaneously: (1) a politically explosive international…"
"news/2026-05-06-interpellations-es.html","brandInDocTitle|isoDateInTitle","Five interpellations filed 2026-05-06 reveal a Swedish opposition — Riksdagsmonitor","Five interpellations filed reveal a Swedish opposition","Five interpellations filed 2026-05-06 reveal a Swedish opposition (S, independents) pressing the Tidö government on three policy fronts simultaneously: (1) a politically explosive international…","Five interpellations filed 2026-05-06 reveal a Swedish opposition (S, independents) pressing the Tidö government on three policy fronts simultaneously: (1) a politically explosive international…"
"news/2026-05-06-interpellations-fi.html","brandInDocTitle|isoDateInTitle","Five interpellations filed 2026-05-06 reveal a Swedish opposition — Riksdagsmonitor","Five interpellations filed reveal a Swedish opposition","Five interpellations filed 2026-05-06 reveal a Swedish opposition (S, independents) pressing the Tidö government on three policy fronts simultaneously: (1) a politically explosive international…","Five interpellations filed 2026-05-06 reveal a Swedish opposition (S, independents) pressing the Tidö government on three policy fronts simultaneously: (1) a politically explosive international…"
"news/2026-05-06-interpellations-fr.html","brandInDocTitle|isoDateInTitle","Five interpellations filed 2026-05-06 reveal a Swedish opposition — Riksdagsmonitor","Five interpellations filed reveal a Swedish opposition","Five interpellations filed 2026-05-06 reveal a Swedish opposition (S, independents) pressing the Tidö government on three policy fronts simultaneously: (1) a politically explosive international…","Five interpellations filed 2026-05-06 reveal a Swedish opposition (S, independents) pressing the Tidö government on three policy fronts simultaneously: (1) a politically explosive international…"
"news/2026-05-06-interpellations-he.html","brandInDocTitle|isoDateInTitle","Five interpellations filed 2026-05-06 reveal a Swedish opposition — Riksdagsmonitor","Five interpellations filed reveal a Swedish opposition","Five interpellations filed 2026-05-06 reveal a Swedish opposition (S, independents) pressing the Tidö government on three policy fronts simultaneously: (1) a politically explosive international…","Five interpellations filed 2026-05-06 reveal a Swedish opposition (S, independents) pressing the Tidö government on three policy fronts simultaneously: (1) a politically explosive…"
"news/2026-05-06-interpellations-ja.html","brandInDocTitle|isoDateInTitle|descriptionTooLong","Five interpellations filed 2026-05-06 reveal a Swedish opposition — Riksdagsmonitor","Five interpellations filed reveal a Swedish opposition","Five interpellations filed 2026-05-06 reveal a Swedish opposition (S, independents) pressing the Tidö government on three policy fronts simultaneously: (1) a politically explosive international…","Five interpellations filed 2026-05-06 reveal a Swedish opposition (S, independents) pressing the Tidö government on…"
"news/2026-05-06-interpellations-ko.html","brandInDocTitle|isoDateInTitle|descriptionTooLong","Five interpellations filed 2026-05-06 reveal a Swedish opposition — Riksdagsmonitor","Five interpellations filed reveal a Swedish opposition","Five interpellations filed 2026-05-06 reveal a Swedish opposition (S, independents) pressing the Tidö government on three policy fronts simultaneously: (1) a politically explosive international…","Five interpellations filed 2026-05-06 reveal a Swedish opposition (S, independents) pressing the Tidö government on…"
"news/2026-05-06-interpellations-nl.html","brandInDocTitle|isoDateInTitle","Five interpellations filed 2026-05-06 reveal a Swedish opposition — Riksdagsmonitor","Five interpellations filed reveal a Swedish opposition","Five interpellations filed 2026-05-06 reveal a Swedish opposition (S, independents) pressing the Tidö government on three policy fronts simultaneously: (1) a politically explosive international…","Five interpellations filed 2026-05-06 reveal a Swedish opposition (S, independents) pressing the Tidö government on three policy fronts simultaneously: (1) a politically explosive international…"
"news/2026-05-06-interpellations-no.html","brandInDocTitle|isoDateInTitle","Five interpellations filed 2026-05-06 reveal a Swedish opposition — Riksdagsmonitor","Five interpellations filed reveal a Swedish opposition","Five interpellations filed 2026-05-06 reveal a Swedish opposition (S, independents) pressing the Tidö government on three policy fronts simultaneously: (1) a politically explosive international…","Five interpellations filed 2026-05-06 reveal a Swedish opposition (S, independents) pressing the Tidö government on three policy fronts simultaneously: (1) a politically explosive international…"
"news/2026-05-06-interpellations-sv.html","brandInDocTitle|isoDateInTitle","Five interpellations filed 2026-05-06 reveal a Swedish opposition — Riksdagsmonitor","Five interpellations filed reveal a Swedish opposition","Five interpellations filed 2026-05-06 reveal a Swedish opposition (S, independents) pressing the Tidö government on three policy fronts simultaneously: (1) a politically explosive international…","Five interpellations filed 2026-05-06 reveal a Swedish opposition (S, independents) pressing the Tidö government on three policy fronts simultaneously: (1) a politically explosive international…"
"news/2026-05-06-interpellations-zh.html","brandInDocTitle|isoDateInTitle|descriptionTooLong","Five interpellations filed 2026-05-06 reveal a Swedish opposition — Riksdagsmonitor","Five interpellations filed reveal a Swedish opposition","Five interpellations filed 2026-05-06 reveal a Swedish opposition (S, independents) pressing the Tidö government on three policy fronts simultaneously: (1) a politically explosive international…","Five interpellations filed 2026-05-06 reveal a Swedish opposition (S, independents) pressing the Tidö government on…"
"news/2026-05-06-motions-ja.html","brandInDocTitle|descriptionTooLong","Opposition Motions Challenge Forestry and Youth Justice Reforms — Riksdagsmonitor","Opposition Motions Challenge Forestry and Youth Justice Reforms","Eight opposition motions filed 2026-05-04 mount coordinated legal-strategic challenges against two government propositions: the forestry deregulation (prop. 2025/26:242, HD024141–145/147) and the…","Eight opposition motions filed 2026-05-04 mount coordinated legal-strategic challenges against two government…"
"news/2026-05-06-motions-ko.html","brandInDocTitle|descriptionTooLong","Opposition Motions Challenge Forestry and Youth Justice Reforms — Riksdagsmonitor","Opposition Motions Challenge Forestry and Youth Justice Reforms","Eight opposition motions filed 2026-05-04 mount coordinated legal-strategic challenges against two government propositions: the forestry deregulation (prop. 2025/26:242, HD024141–145/147) and the…","Eight opposition motions filed 2026-05-04 mount coordinated legal-strategic challenges against two government…"
"news/2026-05-06-motions-zh.html","brandInDocTitle|descriptionTooLong","Opposition Motions Challenge Forestry and Youth Justice Reforms — Riksdagsmonitor","Opposition Motions Challenge Forestry and Youth Justice Reforms","Eight opposition motions filed 2026-05-04 mount coordinated legal-strategic challenges against two government propositions: the forestry deregulation (prop. 2025/26:242, HD024141–145/147) and the…","Eight opposition motions filed 2026-05-04 mount coordinated legal-strategic challenges against two government…"
"news/2026-05-06-propositions-ja.html","brandInDocTitle|descriptionTooLong","Sweden tables ratification votes for two EU-Central Asia EPCAs — Riksdagsmonitor","Sweden tables ratification votes for two EU-Central Asia EPCAs","Sweden tables ratification votes for two EU-Central Asia EPCAs on 2026-05-06. Both agreements (EU-Kyrgyzstan: HD03248; EU-Uzbekistan: HD03249) are treaty ratification propositions from…","Sweden tables ratification votes for two EU-Central Asia EPCAs on 2026-05-06."
"news/2026-05-06-propositions-ko.html","brandInDocTitle|descriptionTooLong","Sweden tables ratification votes for two EU-Central Asia EPCAs — Riksdagsmonitor","Sweden tables ratification votes for two EU-Central Asia EPCAs","Sweden tables ratification votes for two EU-Central Asia EPCAs on 2026-05-06. Both agreements (EU-Kyrgyzstan: HD03248; EU-Uzbekistan: HD03249) are treaty ratification propositions from…","Sweden tables ratification votes for two EU-Central Asia EPCAs on 2026-05-06."
"news/2026-05-06-propositions-zh.html","brandInDocTitle|descriptionTooLong","Sweden tables ratification votes for two EU-Central Asia EPCAs — Riksdagsmonitor","Sweden tables ratification votes for two EU-Central Asia EPCAs","Sweden tables ratification votes for two EU-Central Asia EPCAs on 2026-05-06. Both agreements (EU-Kyrgyzstan: HD03248; EU-Uzbekistan: HD03249) are treaty ratification propositions from…","Sweden tables ratification votes for two EU-Central Asia EPCAs on 2026-05-06."
"news/2026-05-07-committeeReports-ja.html","brandInDocTitle|descriptionTooLong","Sweden Expands SIGINT Powers, Prison Capacity, and Social Insurance… — Riksdagsmonitor","Sweden Expands SIGINT Powers, Prison Capacity, and Social Insurance…","The Riksdag's Defence Committee (FöU) has presented a landmark betänkande modernising Sweden's signals intelligence (SIGINT) law — the most significant reform to the framework since the 2008 FRA law…","The Riksdag's Defence Committee (FöU) has presented a landmark betänkande modernising Sweden's signals intelligence…"
"news/2026-05-07-committeeReports-ko.html","brandInDocTitle|descriptionTooLong","Sweden Expands SIGINT Powers, Prison Capacity, and Social Insurance… — Riksdagsmonitor","Sweden Expands SIGINT Powers, Prison Capacity, and Social Insurance…","The Riksdag's Defence Committee (FöU) has presented a landmark betänkande modernising Sweden's signals intelligence (SIGINT) law — the most significant reform to the framework since the 2008 FRA law…","The Riksdag's Defence Committee (FöU) has presented a landmark betänkande modernising Sweden's signals intelligence…"
"news/2026-05-07-committeeReports-zh.html","brandInDocTitle|descriptionTooLong","Sweden Expands SIGINT Powers, Prison Capacity, and Social Insurance… — Riksdagsmonitor","Sweden Expands SIGINT Powers, Prison Capacity, and Social Insurance…","The Riksdag's Defence Committee (FöU) has presented a landmark betänkande modernising Sweden's signals intelligence (SIGINT) law — the most significant reform to the framework since the 2008 FRA law…","The Riksdag's Defence Committee (FöU) has presented a landmark betänkande modernising Sweden's signals intelligence…"
"news/2026-05-07-election-cycle-current-ja.html","brandInDocTitle|descriptionTooLong","Tidö Current Mandate — Riksdagsmonitor","Tidö Current Mandate","Sweden's Tidö coalition (M+KD+L+SD) completes its final legislative sprint with five major committee reports on 2026-05-07 confirming the mandate's core narrative: criminal justice delivery, defence…","Sweden's Tidö coalition (M+KD+L+SD) completes its final legislative sprint with five major committee reports on…"
"news/2026-05-07-election-cycle-current-ko.html","brandInDocTitle|descriptionTooLong","Tidö Current Mandate — Riksdagsmonitor","Tidö Current Mandate","Sweden's Tidö coalition (M+KD+L+SD) completes its final legislative sprint with five major committee reports on 2026-05-07 confirming the mandate's core narrative: criminal justice delivery, defence…","Sweden's Tidö coalition (M+KD+L+SD) completes its final legislative sprint with five major committee reports on…"
"news/2026-05-07-election-cycle-current-zh.html","brandInDocTitle|descriptionTooLong","Tidö Current Mandate — Riksdagsmonitor","Tidö Current Mandate","Sweden's Tidö coalition (M+KD+L+SD) completes its final legislative sprint with five major committee reports on 2026-05-07 confirming the mandate's core narrative: criminal justice delivery, defence…","Sweden's Tidö coalition (M+KD+L+SD) completes its final legislative sprint with five major committee reports on…"
"news/2026-05-07-election-cycle-next-ja.html","brandInDocTitle|descriptionTooLong","Post-2026 Coalition Intelligence (2026-2030) — Riksdagsmonitor","Post-2026 Coalition Intelligence (2026-2030)","The post-2026 election cycle (2026-2030) will be governed by one of two fundamentally different coalitions — Tidö continuation (WEP LIKELY) or Red-Green bloc (WEP UNLIKELY).","The post-2026 election cycle (2026-2030) will be governed by one of two fundamentally different coalitions — Tidö…"
"news/2026-05-07-election-cycle-next-ko.html","brandInDocTitle|descriptionTooLong","Post-2026 Coalition Intelligence (2026-2030) — Riksdagsmonitor","Post-2026 Coalition Intelligence (2026-2030)","The post-2026 election cycle (2026-2030) will be governed by one of two fundamentally different coalitions — Tidö continuation (WEP LIKELY) or Red-Green bloc (WEP UNLIKELY).","The post-2026 election cycle (2026-2030) will be governed by one of two fundamentally different coalitions — Tidö…"
"news/2026-05-07-election-cycle-next-zh.html","brandInDocTitle|descriptionTooLong","Post-2026 Coalition Intelligence (2026-2030) — Riksdagsmonitor","Post-2026 Coalition Intelligence (2026-2030)","The post-2026 election cycle (2026-2030) will be governed by one of two fundamentally different coalitions — Tidö continuation (WEP LIKELY) or Red-Green bloc (WEP UNLIKELY).","The post-2026 election cycle (2026-2030) will be governed by one of two fundamentally different coalitions — Tidö…"
"news/2026-05-07-evening-analysis-ar.html","brandInDocTitle|midWordDescriptionCut","Sweden's Security-State Legislative Sprint: Three Executive — Riksdagsmonitor","Sweden's Security-State Legislative Sprint: Three Executive","Sweden's Security-State Legislative Sprint: Three Executive Propositions + Six Committee Reports Advance Simultaneously — 125 Days Before Election","Sweden's Security-State Legislative Sprint: Three Executive Propositions + Six Committee Reports Advance Simultaneously — 125 Days Before Election"
"news/2026-05-07-evening-analysis-da.html","brandInDocTitle|midWordDescriptionCut","Sweden's Security-State Legislative Sprint: Three Executive — Riksdagsmonitor","Sweden's Security-State Legislative Sprint: Three Executive","Sweden's Security-State Legislative Sprint: Three Executive Propositions + Six Committee Reports Advance Simultaneously — 125 Days Before Election","Sweden's Security-State Legislative Sprint: Three Executive Propositions + Six Committee Reports Advance Simultaneously — 125 Days Before Election"
"news/2026-05-07-evening-analysis-de.html","brandInDocTitle|midWordDescriptionCut","Sweden's Security-State Legislative Sprint: Three Executive — Riksdagsmonitor","Sweden's Security-State Legislative Sprint: Three Executive","Sweden's Security-State Legislative Sprint: Three Executive Propositions + Six Committee Reports Advance Simultaneously — 125 Days Before Election","Sweden's Security-State Legislative Sprint: Three Executive Propositions + Six Committee Reports Advance Simultaneously — 125 Days Before Election"
"news/2026-05-07-evening-analysis-en.html","brandInDocTitle|midWordDescriptionCut","Sweden's Security-State Legislative Sprint: Three Executive — Riksdagsmonitor","Sweden's Security-State Legislative Sprint: Three Executive","Sweden's Security-State Legislative Sprint: Three Executive Propositions + Six Committee Reports Advance Simultaneously — 125 Days Before Election","Sweden's Security-State Legislative Sprint: Three Executive Propositions + Six Committee Reports Advance Simultaneously — 125 Days Before Election"
"news/2026-05-07-evening-analysis-es.html","brandInDocTitle|midWordDescriptionCut","Sweden's Security-State Legislative Sprint: Three Executive — Riksdagsmonitor","Sweden's Security-State Legislative Sprint: Three Executive","Sweden's Security-State Legislative Sprint: Three Executive Propositions + Six Committee Reports Advance Simultaneously — 125 Days Before Election","Sweden's Security-State Legislative Sprint: Three Executive Propositions + Six Committee Reports Advance Simultaneously — 125 Days Before Election"
"news/2026-05-07-evening-analysis-fi.html","brandInDocTitle|midWordDescriptionCut","Sweden's Security-State Legislative Sprint: Three Executive — Riksdagsmonitor","Sweden's Security-State Legislative Sprint: Three Executive","Sweden's Security-State Legislative Sprint: Three Executive Propositions + Six Committee Reports Advance Simultaneously — 125 Days Before Election","Sweden's Security-State Legislative Sprint: Three Executive Propositions + Six Committee Reports Advance Simultaneously — 125 Days Before Election"
"news/2026-05-07-evening-analysis-fr.html","brandInDocTitle|midWordDescriptionCut","Sweden's Security-State Legislative Sprint: Three Executive — Riksdagsmonitor","Sweden's Security-State Legislative Sprint: Three Executive","Sweden's Security-State Legislative Sprint: Three Executive Propositions + Six Committee Reports Advance Simultaneously — 125 Days Before Election","Sweden's Security-State Legislative Sprint: Three Executive Propositions + Six Committee Reports Advance Simultaneously — 125 Days Before Election"
"news/2026-05-07-evening-analysis-he.html","brandInDocTitle|midWordDescriptionCut","Sweden's Security-State Legislative Sprint: Three Executive — Riksdagsmonitor","Sweden's Security-State Legislative Sprint: Three Executive","Sweden's Security-State Legislative Sprint: Three Executive Propositions + Six Committee Reports Advance Simultaneously — 125 Days Before Election","Sweden's Security-State Legislative Sprint: Three Executive Propositions + Six Committee Reports Advance Simultaneously — 125 Days Before Election"
"news/2026-05-07-evening-analysis-ja.html","brandInDocTitle|midWordDescriptionCut","Sweden's Security-State Legislative Sprint: Three Executive — Riksdagsmonitor","Sweden's Security-State Legislative Sprint: Three Executive","Sweden's Security-State Legislative Sprint: Three Executive Propositions + Six Committee Reports Advance Simultaneously — 125 Days Before Election","Sweden's Security-State Legislative Sprint: Three Executive Propositions + Six Committee Reports Advance Simultaneously…"
"news/2026-05-07-evening-analysis-ko.html","brandInDocTitle|midWordDescriptionCut","Sweden's Security-State Legislative Sprint: Three Executive — Riksdagsmonitor","Sweden's Security-State Legislative Sprint: Three Executive","Sweden's Security-State Legislative Sprint: Three Executive Propositions + Six Committee Reports Advance Simultaneously — 125 Days Before Election","Sweden's Security-State Legislative Sprint: Three Executive Propositions + Six Committee Reports Advance Simultaneously…"
"news/2026-05-07-evening-analysis-nl.html","brandInDocTitle|midWordDescriptionCut","Sweden's Security-State Legislative Sprint: Three Executive — Riksdagsmonitor","Sweden's Security-State Legislative Sprint: Three Executive","Sweden's Security-State Legislative Sprint: Three Executive Propositions + Six Committee Reports Advance Simultaneously — 125 Days Before Election","Sweden's Security-State Legislative Sprint: Three Executive Propositions + Six Committee Reports Advance Simultaneously — 125 Days Before Election"
"news/2026-05-07-evening-analysis-no.html","brandInDocTitle|midWordDescriptionCut","Sweden's Security-State Legislative Sprint: Three Executive — Riksdagsmonitor","Sweden's Security-State Legislative Sprint: Three Executive","Sweden's Security-State Legislative Sprint: Three Executive Propositions + Six Committee Reports Advance Simultaneously — 125 Days Before Election","Sweden's Security-State Legislative Sprint: Three Executive Propositions + Six Committee Reports Advance Simultaneously — 125 Days Before Election"
"news/2026-05-07-evening-analysis-sv.html","brandInDocTitle|midWordDescriptionCut","Sweden's Security-State Legislative Sprint: Three Executive — Riksdagsmonitor","Sweden's Security-State Legislative Sprint: Three Executive","Sweden's Security-State Legislative Sprint: Three Executive Propositions + Six Committee Reports Advance Simultaneously — 125 Days Before Election","Sweden's Security-State Legislative Sprint: Three Executive Propositions + Six Committee Reports Advance Simultaneously — 125 Days Before Election"
"news/2026-05-07-evening-analysis-zh.html","brandInDocTitle|midWordDescriptionCut","Sweden's Security-State Legislative Sprint: Three Executive — Riksdagsmonitor","Sweden's Security-State Legislative Sprint: Three Executive","Sweden's Security-State Legislative Sprint: Three Executive Propositions + Six Committee Reports Advance Simultaneously — 125 Days Before Election","Sweden's Security-State Legislative Sprint: Three Executive Propositions + Six Committee Reports Advance Simultaneously…"
"news/2026-05-07-interpellations-ja.html","brandInDocTitle|descriptionTooLong","Social Democrats Challenge Government on Sweden's ILO Commitment — Riksdagsmonitor","Social Democrats Challenge Government on Sweden's ILO Commitment","Sweden's opposition Social Democrats have challenged the Tidö coalition government on whether it has maintained Sweden's historic role as a champion of workers' rights in the International Labour…","Sweden's opposition Social Democrats have challenged the Tidö coalition government on whether it has maintained…"
"news/2026-05-07-interpellations-ko.html","brandInDocTitle|descriptionTooLong","Social Democrats Challenge Government on Sweden's ILO Commitment — Riksdagsmonitor","Social Democrats Challenge Government on Sweden's ILO Commitment","Sweden's opposition Social Democrats have challenged the Tidö coalition government on whether it has maintained Sweden's historic role as a champion of workers' rights in the International Labour…","Sweden's opposition Social Democrats have challenged the Tidö coalition government on whether it has maintained…"
"news/2026-05-07-interpellations-zh.html","brandInDocTitle|descriptionTooLong","Social Democrats Challenge Government on Sweden's ILO Commitment — Riksdagsmonitor","Social Democrats Challenge Government on Sweden's ILO Commitment","Sweden's opposition Social Democrats have challenged the Tidö coalition government on whether it has maintained Sweden's historic role as a champion of workers' rights in the International Labour…","Sweden's opposition Social Democrats have challenged the Tidö coalition government on whether it has maintained…"
"news/2026-05-07-monthly-review-ja.html","brandInDocTitle|descriptionTooLong","Monthly Review, May 2026 — Riksdagsmonitor","Monthly Review, May 2026","The Tidö government ends riksmöte 2025/26 with a legislative sprint emphasising state digital control (e-legitimation, Skatteverket), security expansions (säkerhetshot-foreigners, public-gathering…","The Tidö government ends riksmöte 2025/26 with a legislative sprint emphasising state digital control (e-legitimation,…"
"news/2026-05-07-monthly-review-ko.html","brandInDocTitle|descriptionTooLong","Monthly Review, May 2026 — Riksdagsmonitor","Monthly Review, May 2026","The Tidö government ends riksmöte 2025/26 with a legislative sprint emphasising state digital control (e-legitimation, Skatteverket), security expansions (säkerhetshot-foreigners, public-gathering…","The Tidö government ends riksmöte 2025/26 with a legislative sprint emphasising state digital control (e-legitimation,…"
"news/2026-05-07-monthly-review-zh.html","brandInDocTitle|descriptionTooLong","Monthly Review, May 2026 — Riksdagsmonitor","Monthly Review, May 2026","The Tidö government ends riksmöte 2025/26 with a legislative sprint emphasising state digital control (e-legitimation, Skatteverket), security expansions (säkerhetshot-foreigners, public-gathering…","The Tidö government ends riksmöte 2025/26 with a legislative sprint emphasising state digital control (e-legitimation,…"
"news/2026-05-07-motions-ja.html","brandInDocTitle|descriptionTooLong","Opposition Storms Government's Twin Legislative Pillars: Forestry… — Riksdagsmonitor","Opposition Storms Government's Twin Legislative Pillars: Forestry…","Eight opposition committee motions filed 2026-05-04 mount coordinated resistance across two government propositions: four opposition parties (V, SD, S, C, MP) challenge prop. 2025/26:242 on forestry…","Eight opposition committee motions filed 2026-05-04 mount coordinated resistance across two government propositions:…"
"news/2026-05-07-motions-ko.html","brandInDocTitle|descriptionTooLong","Opposition Storms Government's Twin Legislative Pillars: Forestry… — Riksdagsmonitor","Opposition Storms Government's Twin Legislative Pillars: Forestry…","Eight opposition committee motions filed 2026-05-04 mount coordinated resistance across two government propositions: four opposition parties (V, SD, S, C, MP) challenge prop. 2025/26:242 on forestry…","Eight opposition committee motions filed 2026-05-04 mount coordinated resistance across two government propositions:…"
"news/2026-05-07-motions-zh.html","brandInDocTitle|descriptionTooLong","Opposition Storms Government's Twin Legislative Pillars: Forestry… — Riksdagsmonitor","Opposition Storms Government's Twin Legislative Pillars: Forestry…","Eight opposition committee motions filed 2026-05-04 mount coordinated resistance across two government propositions: four opposition parties (V, SD, S, C, MP) challenge prop. 2025/26:242 on forestry…","Eight opposition committee motions filed 2026-05-04 mount coordinated resistance across two government propositions:…"
"news/2026-05-07-propositions-ja.html","brandInDocTitle|descriptionTooLong","Sweden tables ratification votes for two EU-Central Asia EPCAs — Riksdagsmonitor","Sweden tables ratification votes for two EU-Central Asia EPCAs","Sweden tables ratification votes for two EU-Central Asia EPCAs on 2026-05-07. Both agreements (EU-Kyrgyzstan: HD03248; EU-Uzbekistan: HD03249) are treaty ratification propositions from…","Sweden tables ratification votes for two EU-Central Asia EPCAs on 2026-05-07."
"news/2026-05-07-propositions-ko.html","brandInDocTitle|descriptionTooLong","Sweden tables ratification votes for two EU-Central Asia EPCAs — Riksdagsmonitor","Sweden tables ratification votes for two EU-Central Asia EPCAs","Sweden tables ratification votes for two EU-Central Asia EPCAs on 2026-05-07. Both agreements (EU-Kyrgyzstan: HD03248; EU-Uzbekistan: HD03249) are treaty ratification propositions from…","Sweden tables ratification votes for two EU-Central Asia EPCAs on 2026-05-07."
"news/2026-05-07-propositions-zh.html","brandInDocTitle|descriptionTooLong","Sweden tables ratification votes for two EU-Central Asia EPCAs — Riksdagsmonitor","Sweden tables ratification votes for two EU-Central Asia EPCAs","Sweden tables ratification votes for two EU-Central Asia EPCAs on 2026-05-07. Both agreements (EU-Kyrgyzstan: HD03248; EU-Uzbekistan: HD03249) are treaty ratification propositions from…","Sweden tables ratification votes for two EU-Central Asia EPCAs on 2026-05-07."
"news/2026-05-07-realtime-pulse-ja.html","brandInDocTitle|descriptionTooLong","Sweden's Tidö coalition is executing a coordinated end-of-session — Riksdagsmonitor","Sweden's Tidö coalition is executing a coordinated end-of-session","Sweden's Tidö coalition is executing a coordinated end-of-session security-state consolidation before the September 2026 election. In a single legislative day, the government submitted three major…","Sweden's Tidö coalition is executing a coordinated end-of-session security-state consolidation before the September…"
"news/2026-05-07-realtime-pulse-ko.html","brandInDocTitle|descriptionTooLong","Sweden's Tidö coalition is executing a coordinated end-of-session — Riksdagsmonitor","Sweden's Tidö coalition is executing a coordinated end-of-session","Sweden's Tidö coalition is executing a coordinated end-of-session security-state consolidation before the September 2026 election. In a single legislative day, the government submitted three major…","Sweden's Tidö coalition is executing a coordinated end-of-session security-state consolidation before the September…"
"news/2026-05-07-realtime-pulse-zh.html","brandInDocTitle|descriptionTooLong","Sweden's Tidö coalition is executing a coordinated end-of-session — Riksdagsmonitor","Sweden's Tidö coalition is executing a coordinated end-of-session","Sweden's Tidö coalition is executing a coordinated end-of-session security-state consolidation before the September 2026 election. In a single legislative day, the government submitted three major…","Sweden's Tidö coalition is executing a coordinated end-of-session security-state consolidation before the September…"
"news/2026-05-07-year-ahead-ja.html","brandInDocTitle|descriptionTooLong","Sweden Year-Ahead Political Intelligence — Riksdagsmonitor","Sweden Year-Ahead Political Intelligence","Sweden is in its most compressed political-legislative cycle since EU accession. With the Riksdag election 129 days away (September 13, 2026), the Tidö coalition under PM Ulf Kristersson is executing…","Sweden is in its most compressed political-legislative cycle since EU accession."
"news/2026-05-07-year-ahead-ko.html","brandInDocTitle|descriptionTooLong","Sweden Year-Ahead Political Intelligence — Riksdagsmonitor","Sweden Year-Ahead Political Intelligence","Sweden is in its most compressed political-legislative cycle since EU accession. With the Riksdag election 129 days away (September 13, 2026), the Tidö coalition under PM Ulf Kristersson is executing…","Sweden is in its most compressed political-legislative cycle since EU accession."
"news/2026-05-07-year-ahead-zh.html","brandInDocTitle|descriptionTooLong","Sweden Year-Ahead Political Intelligence — Riksdagsmonitor","Sweden Year-Ahead Political Intelligence","Sweden is in its most compressed political-legislative cycle since EU accession. With the Riksdag election 129 days away (September 13, 2026), the Tidö coalition under PM Ulf Kristersson is executing…","Sweden is in its most compressed political-legislative cycle since EU accession."
"news/2026-05-08-committeeReports-ja.html","brandInDocTitle|descriptionTooLong","The Riksdag's Finance (FiU) and Justice (JuU) committees — Riksdagsmonitor","The Riksdag's Finance (FiU) and Justice (JuU) committees","The Riksdag's Finance (FiU) and Justice (JuU) committees have advanced eight legislative items this week. Three deserve immediate attention: (1) a new financial-sector crisis management function…","The Riksdag's Finance (FiU) and Justice (JuU) committees have advanced eight legislative items this week."
"news/2026-05-08-committeeReports-ko.html","brandInDocTitle|descriptionTooLong","The Riksdag's Finance (FiU) and Justice (JuU) committees — Riksdagsmonitor","The Riksdag's Finance (FiU) and Justice (JuU) committees","The Riksdag's Finance (FiU) and Justice (JuU) committees have advanced eight legislative items this week. Three deserve immediate attention: (1) a new financial-sector crisis management function…","The Riksdag's Finance (FiU) and Justice (JuU) committees have advanced eight legislative items this week."
"news/2026-05-08-committeeReports-zh.html","brandInDocTitle|descriptionTooLong","The Riksdag's Finance (FiU) and Justice (JuU) committees — Riksdagsmonitor","The Riksdag's Finance (FiU) and Justice (JuU) committees","The Riksdag's Finance (FiU) and Justice (JuU) committees have advanced eight legislative items this week. Three deserve immediate attention: (1) a new financial-sector crisis management function…","The Riksdag's Finance (FiU) and Justice (JuU) committees have advanced eight legislative items this week."
"news/2026-05-08-election-cycle-current-ja.html","brandInDocTitle|descriptionTooLong","Tidö Current Mandate — Riksdagsmonitor","Tidö Current Mandate","The Tidö coalition delivered three major propositions on 2026-05-07 — state e-ID, foreign security threat expulsion, and Skatteverket address fraud powers — bringing mandate completion to 78% and…","The Tidö coalition delivered three major propositions on 2026-05-07 — state e-ID, foreign security threat expulsion,…"
"news/2026-05-08-election-cycle-current-ko.html","brandInDocTitle|descriptionTooLong","Tidö Current Mandate — Riksdagsmonitor","Tidö Current Mandate","The Tidö coalition delivered three major propositions on 2026-05-07 — state e-ID, foreign security threat expulsion, and Skatteverket address fraud powers — bringing mandate completion to 78% and…","The Tidö coalition delivered three major propositions on 2026-05-07 — state e-ID, foreign security threat expulsion,…"
"news/2026-05-08-election-cycle-current-zh.html","brandInDocTitle|descriptionTooLong","Tidö Current Mandate — Riksdagsmonitor","Tidö Current Mandate","The Tidö coalition delivered three major propositions on 2026-05-07 — state e-ID, foreign security threat expulsion, and Skatteverket address fraud powers — bringing mandate completion to 78% and…","The Tidö coalition delivered three major propositions on 2026-05-07 — state e-ID, foreign security threat expulsion,…"
"news/2026-05-08-election-cycle-next-ja.html","brandInDocTitle|descriptionTooLong","Post-2026 Coalition: Next Mandate 2026-2030 ( ) — Riksdagsmonitor","Post-2026 Coalition: Next Mandate 2026-2030 ( )","The next Swedish government (forming September 2026) will inherit nine durable institutional anchors — including NATO, SIGINT reform, state e-ID, and security threat legislation — making significant…","The next Swedish government (forming September 2026) will inherit nine durable institutional anchors — including NATO,…"
"news/2026-05-08-election-cycle-next-ko.html","brandInDocTitle|descriptionTooLong","Post-2026 Coalition: Next Mandate 2026-2030 ( ) — Riksdagsmonitor","Post-2026 Coalition: Next Mandate 2026-2030 ( )","The next Swedish government (forming September 2026) will inherit nine durable institutional anchors — including NATO, SIGINT reform, state e-ID, and security threat legislation — making significant…","The next Swedish government (forming September 2026) will inherit nine durable institutional anchors — including NATO,…"
"news/2026-05-08-election-cycle-next-zh.html","brandInDocTitle|descriptionTooLong","Post-2026 Coalition: Next Mandate 2026-2030 ( ) — Riksdagsmonitor","Post-2026 Coalition: Next Mandate 2026-2030 ( )","The next Swedish government (forming September 2026) will inherit nine durable institutional anchors — including NATO, SIGINT reform, state e-ID, and security threat legislation — making significant…","The next Swedish government (forming September 2026) will inherit nine durable institutional anchors — including NATO,…"
"news/2026-05-08-evening-analysis-ja.html","brandInDocTitle|descriptionTooLong","Friday 8 May 2026 marks a legislative heavy-load day in the Riksdag — Riksdagsmonitor","Friday 8 May 2026 marks a legislative heavy-load day in the Riksdag","Friday 8 May 2026 marks a legislative heavy-load day in the Riksdag, with six committee reports (betänkanden) from CU, SoU, and UbU advancing toward chamber vote while five written questions to…","Friday 8 May 2026 marks a legislative heavy-load day in the Riksdag, with six committee reports (betänkanden) from CU,…"
"news/2026-05-08-evening-analysis-ko.html","brandInDocTitle|descriptionTooLong","Friday 8 May 2026 marks a legislative heavy-load day in the Riksdag — Riksdagsmonitor","Friday 8 May 2026 marks a legislative heavy-load day in the Riksdag","Friday 8 May 2026 marks a legislative heavy-load day in the Riksdag, with six committee reports (betänkanden) from CU, SoU, and UbU advancing toward chamber vote while five written questions to…","Friday 8 May 2026 marks a legislative heavy-load day in the Riksdag, with six committee reports (betänkanden) from CU,…"
"news/2026-05-08-evening-analysis-zh.html","brandInDocTitle|descriptionTooLong","Friday 8 May 2026 marks a legislative heavy-load day in the Riksdag — Riksdagsmonitor","Friday 8 May 2026 marks a legislative heavy-load day in the Riksdag","Friday 8 May 2026 marks a legislative heavy-load day in the Riksdag, with six committee reports (betänkanden) from CU, SoU, and UbU advancing toward chamber vote while five written questions to…","Friday 8 May 2026 marks a legislative heavy-load day in the Riksdag, with six committee reports (betänkanden) from CU,…"
"news/2026-05-08-interpellations-ar.html","brandInDocTitle|isoDateInTitle","Five interpellations filed 2026-05-07 in the 2025/26 riksmöte — Riksdagsmonitor","Five interpellations filed in the 2025/26 riksmöte","Five interpellations filed 2026-05-07 in the 2025/26 riksmöte collectively reveal a coherent opposition strategy: pressing the Tidö government on international obligations (Gaza/ILO), domestic equity…","Five interpellations filed 2026-05-07 in the 2025/26 riksmöte collectively reveal a coherent opposition strategy: pressing the Tidö government on international obligations…"
"news/2026-05-08-interpellations-da.html","brandInDocTitle|isoDateInTitle","Five interpellations filed 2026-05-07 in the 2025/26 riksmöte — Riksdagsmonitor","Five interpellations filed in the 2025/26 riksmöte","Five interpellations filed 2026-05-07 in the 2025/26 riksmöte collectively reveal a coherent opposition strategy: pressing the Tidö government on international obligations (Gaza/ILO), domestic equity…","Five interpellations filed 2026-05-07 in the 2025/26 riksmöte collectively reveal a coherent opposition strategy: pressing the Tidö government on international obligations (Gaza/ILO), domestic equity…"
"news/2026-05-08-interpellations-de.html","brandInDocTitle|isoDateInTitle","Five interpellations filed 2026-05-07 in the 2025/26 riksmöte — Riksdagsmonitor","Five interpellations filed in the 2025/26 riksmöte","Five interpellations filed 2026-05-07 in the 2025/26 riksmöte collectively reveal a coherent opposition strategy: pressing the Tidö government on international obligations (Gaza/ILO), domestic equity…","Five interpellations filed 2026-05-07 in the 2025/26 riksmöte collectively reveal a coherent opposition strategy: pressing the Tidö government on international obligations (Gaza/ILO), domestic equity…"
"news/2026-05-08-interpellations-en.html","brandInDocTitle|isoDateInTitle","Five interpellations filed 2026-05-07 in the 2025/26 riksmöte — Riksdagsmonitor","Five interpellations filed in the 2025/26 riksmöte","Five interpellations filed 2026-05-07 in the 2025/26 riksmöte collectively reveal a coherent opposition strategy: pressing the Tidö government on international obligations (Gaza/ILO), domestic equity…","Five interpellations filed 2026-05-07 in the 2025/26 riksmöte collectively reveal a coherent opposition strategy: pressing the Tidö government on international obligations (Gaza/ILO), domestic equity…"
"news/2026-05-08-interpellations-es.html","brandInDocTitle|isoDateInTitle","Five interpellations filed 2026-05-07 in the 2025/26 riksmöte — Riksdagsmonitor","Five interpellations filed in the 2025/26 riksmöte","Five interpellations filed 2026-05-07 in the 2025/26 riksmöte collectively reveal a coherent opposition strategy: pressing the Tidö government on international obligations (Gaza/ILO), domestic equity…","Five interpellations filed 2026-05-07 in the 2025/26 riksmöte collectively reveal a coherent opposition strategy: pressing the Tidö government on international obligations (Gaza/ILO), domestic equity…"
"news/2026-05-08-interpellations-fi.html","brandInDocTitle|isoDateInTitle","Five interpellations filed 2026-05-07 in the 2025/26 riksmöte — Riksdagsmonitor","Five interpellations filed in the 2025/26 riksmöte","Five interpellations filed 2026-05-07 in the 2025/26 riksmöte collectively reveal a coherent opposition strategy: pressing the Tidö government on international obligations (Gaza/ILO), domestic equity…","Five interpellations filed 2026-05-07 in the 2025/26 riksmöte collectively reveal a coherent opposition strategy: pressing the Tidö government on international obligations (Gaza/ILO), domestic equity…"
"news/2026-05-08-interpellations-fr.html","brandInDocTitle|isoDateInTitle","Five interpellations filed 2026-05-07 in the 2025/26 riksmöte — Riksdagsmonitor","Five interpellations filed in the 2025/26 riksmöte","Five interpellations filed 2026-05-07 in the 2025/26 riksmöte collectively reveal a coherent opposition strategy: pressing the Tidö government on international obligations (Gaza/ILO), domestic equity…","Five interpellations filed 2026-05-07 in the 2025/26 riksmöte collectively reveal a coherent opposition strategy: pressing the Tidö government on international obligations (Gaza/ILO), domestic equity…"
"news/2026-05-08-interpellations-he.html","brandInDocTitle|isoDateInTitle","Five interpellations filed 2026-05-07 in the 2025/26 riksmöte — Riksdagsmonitor","Five interpellations filed in the 2025/26 riksmöte","Five interpellations filed 2026-05-07 in the 2025/26 riksmöte collectively reveal a coherent opposition strategy: pressing the Tidö government on international obligations (Gaza/ILO), domestic equity…","Five interpellations filed 2026-05-07 in the 2025/26 riksmöte collectively reveal a coherent opposition strategy: pressing the Tidö government on international obligations…"
"news/2026-05-08-interpellations-ja.html","brandInDocTitle|isoDateInTitle|descriptionTooLong","Five interpellations filed 2026-05-07 in the 2025/26 riksmöte — Riksdagsmonitor","Five interpellations filed in the 2025/26 riksmöte","Five interpellations filed 2026-05-07 in the 2025/26 riksmöte collectively reveal a coherent opposition strategy: pressing the Tidö government on international obligations (Gaza/ILO), domestic equity…","Five interpellations filed 2026-05-07 in the 2025/26 riksmöte collectively reveal a coherent opposition strategy:…"
"news/2026-05-08-interpellations-ko.html","brandInDocTitle|isoDateInTitle|descriptionTooLong","Five interpellations filed 2026-05-07 in the 2025/26 riksmöte — Riksdagsmonitor","Five interpellations filed in the 2025/26 riksmöte","Five interpellations filed 2026-05-07 in the 2025/26 riksmöte collectively reveal a coherent opposition strategy: pressing the Tidö government on international obligations (Gaza/ILO), domestic equity…","Five interpellations filed 2026-05-07 in the 2025/26 riksmöte collectively reveal a coherent opposition strategy:…"
"news/2026-05-08-interpellations-nl.html","brandInDocTitle|isoDateInTitle","Five interpellations filed 2026-05-07 in the 2025/26 riksmöte — Riksdagsmonitor","Five interpellations filed in the 2025/26 riksmöte","Five interpellations filed 2026-05-07 in the 2025/26 riksmöte collectively reveal a coherent opposition strategy: pressing the Tidö government on international obligations (Gaza/ILO), domestic equity…","Five interpellations filed 2026-05-07 in the 2025/26 riksmöte collectively reveal a coherent opposition strategy: pressing the Tidö government on international obligations (Gaza/ILO), domestic equity…"
"news/2026-05-08-interpellations-no.html","brandInDocTitle|isoDateInTitle","Five interpellations filed 2026-05-07 in the 2025/26 riksmöte — Riksdagsmonitor","Five interpellations filed in the 2025/26 riksmöte","Five interpellations filed 2026-05-07 in the 2025/26 riksmöte collectively reveal a coherent opposition strategy: pressing the Tidö government on international obligations (Gaza/ILO), domestic equity…","Five interpellations filed 2026-05-07 in the 2025/26 riksmöte collectively reveal a coherent opposition strategy: pressing the Tidö government on international obligations (Gaza/ILO), domestic equity…"
"news/2026-05-08-interpellations-sv.html","brandInDocTitle|isoDateInTitle","Five interpellations filed 2026-05-07 in the 2025/26 riksmöte — Riksdagsmonitor","Five interpellations filed in the 2025/26 riksmöte","Five interpellations filed 2026-05-07 in the 2025/26 riksmöte collectively reveal a coherent opposition strategy: pressing the Tidö government on international obligations (Gaza/ILO), domestic equity…","Five interpellations filed 2026-05-07 in the 2025/26 riksmöte collectively reveal a coherent opposition strategy: pressing the Tidö government on international obligations (Gaza/ILO), domestic equity…"
"news/2026-05-08-interpellations-zh.html","brandInDocTitle|isoDateInTitle|descriptionTooLong","Five interpellations filed 2026-05-07 in the 2025/26 riksmöte — Riksdagsmonitor","Five interpellations filed in the 2025/26 riksmöte","Five interpellations filed 2026-05-07 in the 2025/26 riksmöte collectively reveal a coherent opposition strategy: pressing the Tidö government on international obligations (Gaza/ILO), domestic equity…","Five interpellations filed 2026-05-07 in the 2025/26 riksmöte collectively reveal a coherent opposition strategy:…"
"news/2026-05-08-motions-ja.html","brandInDocTitle|descriptionTooLong","Opposition Motions Challenge Forestry and Youth Justice Reforms — Riksdagsmonitor","Opposition Motions Challenge Forestry and Youth Justice Reforms","Eight opposition motions filed 2026-05-04 mount coordinated legal-strategic challenges against two government propositions: the forestry deregulation (prop. 2025/26:242, HD024141–145/147) and the…","Eight opposition motions filed 2026-05-04 mount coordinated legal-strategic challenges against two government…"
"news/2026-05-08-motions-ko.html","brandInDocTitle|descriptionTooLong","Opposition Motions Challenge Forestry and Youth Justice Reforms — Riksdagsmonitor","Opposition Motions Challenge Forestry and Youth Justice Reforms","Eight opposition motions filed 2026-05-04 mount coordinated legal-strategic challenges against two government propositions: the forestry deregulation (prop. 2025/26:242, HD024141–145/147) and the…","Eight opposition motions filed 2026-05-04 mount coordinated legal-strategic challenges against two government…"
"news/2026-05-08-motions-zh.html","brandInDocTitle|descriptionTooLong","Opposition Motions Challenge Forestry and Youth Justice Reforms — Riksdagsmonitor","Opposition Motions Challenge Forestry and Youth Justice Reforms","Eight opposition motions filed 2026-05-04 mount coordinated legal-strategic challenges against two government propositions: the forestry deregulation (prop. 2025/26:242, HD024141–145/147) and the…","Eight opposition motions filed 2026-05-04 mount coordinated legal-strategic challenges against two government…"
"news/2026-05-08-propositions-ja.html","brandInDocTitle|descriptionTooLong","The Tidö government (M–SD–KD–L) submitted three interlocking — Riksdagsmonitor","The Tidö government (M–SD–KD–L) submitted three interlocking","On 7 May 2026, the Tidö government (M–SD–KD–L) submitted three interlocking propositions that collectively advance a state digital-security architecture with significant civil liberties implications.","On 7 May 2026, the Tidö government (M–SD–KD–L) submitted three interlocking propositions that collectively advance a…"
"news/2026-05-08-propositions-ko.html","brandInDocTitle|descriptionTooLong","The Tidö government (M–SD–KD–L) submitted three interlocking — Riksdagsmonitor","The Tidö government (M–SD–KD–L) submitted three interlocking","On 7 May 2026, the Tidö government (M–SD–KD–L) submitted three interlocking propositions that collectively advance a state digital-security architecture with significant civil liberties implications.","On 7 May 2026, the Tidö government (M–SD–KD–L) submitted three interlocking propositions that collectively advance a…"
"news/2026-05-08-propositions-zh.html","brandInDocTitle|descriptionTooLong","The Tidö government (M–SD–KD–L) submitted three interlocking — Riksdagsmonitor","The Tidö government (M–SD–KD–L) submitted three interlocking","On 7 May 2026, the Tidö government (M–SD–KD–L) submitted three interlocking propositions that collectively advance a state digital-security architecture with significant civil liberties implications.","On 7 May 2026, the Tidö government (M–SD–KD–L) submitted three interlocking propositions that collectively advance a…"
"news/2026-05-08-realtime-pulse-ja.html","brandInDocTitle|descriptionTooLong","The Riksdag chamber on 8 May 2026 debates two significant committee — Riksdagsmonitor","The Riksdag chamber on 8 May 2026 debates two significant committee","The Riksdag chamber on 8 May 2026 debates two significant committee reports: UbU28 (teacher qualifications in the new 10-year compulsory school — DIW 8/9) and CU34 (modernised debt-enforcement rules…","The Riksdag chamber on 8 May 2026 debates two significant committee reports: UbU28 (teacher qualifications in the new…"
"news/2026-05-08-realtime-pulse-ko.html","brandInDocTitle|descriptionTooLong","The Riksdag chamber on 8 May 2026 debates two significant committee — Riksdagsmonitor","The Riksdag chamber on 8 May 2026 debates two significant committee","The Riksdag chamber on 8 May 2026 debates two significant committee reports: UbU28 (teacher qualifications in the new 10-year compulsory school — DIW 8/9) and CU34 (modernised debt-enforcement rules…","The Riksdag chamber on 8 May 2026 debates two significant committee reports: UbU28 (teacher qualifications in the new…"
"news/2026-05-08-realtime-pulse-zh.html","brandInDocTitle|descriptionTooLong","The Riksdag chamber on 8 May 2026 debates two significant committee — Riksdagsmonitor","The Riksdag chamber on 8 May 2026 debates two significant committee","The Riksdag chamber on 8 May 2026 debates two significant committee reports: UbU28 (teacher qualifications in the new 10-year compulsory school — DIW 8/9) and CU34 (modernised debt-enforcement rules…","The Riksdag chamber on 8 May 2026 debates two significant committee reports: UbU28 (teacher qualifications in the new…"
"news/2026-05-08-week-ahead-ja.html","brandInDocTitle|descriptionTooLong","Week Ahead: Riksdag Week 20 (May 11–17, 2026) — Riksdagsmonitor","Week Ahead: Riksdag Week 20 (May 11–17, 2026)","Sweden's Riksdag enters week 20 (May 11–17, 2026) with a packed legislative calendar spanning defence intelligence modernisation, education reform, justice legislation, and EU-aligned financial…","Sweden's Riksdag enters week 20 (May 11–17, 2026) with a packed legislative calendar spanning defence intelligence…"
"news/2026-05-08-week-ahead-ko.html","brandInDocTitle|descriptionTooLong","Week Ahead: Riksdag Week 20 (May 11–17, 2026) — Riksdagsmonitor","Week Ahead: Riksdag Week 20 (May 11–17, 2026)","Sweden's Riksdag enters week 20 (May 11–17, 2026) with a packed legislative calendar spanning defence intelligence modernisation, education reform, justice legislation, and EU-aligned financial…","Sweden's Riksdag enters week 20 (May 11–17, 2026) with a packed legislative calendar spanning defence intelligence…"
"news/2026-05-08-week-ahead-zh.html","brandInDocTitle|descriptionTooLong","Week Ahead: Riksdag Week 20 (May 11–17, 2026) — Riksdagsmonitor","Week Ahead: Riksdag Week 20 (May 11–17, 2026)","Sweden's Riksdag enters week 20 (May 11–17, 2026) with a packed legislative calendar spanning defence intelligence modernisation, education reform, justice legislation, and EU-aligned financial…","Sweden's Riksdag enters week 20 (May 11–17, 2026) with a packed legislative calendar spanning defence intelligence…"
"news/2026-05-09-election-cycle-current-ja.html","brandInDocTitle|descriptionTooLong","Tidö Current Mandate — Riksdagsmonitor","Tidö Current Mandate","The Tidö coalition delivered three major propositions on 2026-05-07 — state e-ID, foreign security threat expulsion, and Skatteverket address fraud powers — bringing mandate completion to 78% and…","The Tidö coalition delivered three major propositions on 2026-05-07 — state e-ID, foreign security threat expulsion,…"
"news/2026-05-09-election-cycle-current-ko.html","brandInDocTitle|descriptionTooLong","Tidö Current Mandate — Riksdagsmonitor","Tidö Current Mandate","The Tidö coalition delivered three major propositions on 2026-05-07 — state e-ID, foreign security threat expulsion, and Skatteverket address fraud powers — bringing mandate completion to 78% and…","The Tidö coalition delivered three major propositions on 2026-05-07 — state e-ID, foreign security threat expulsion,…"
"news/2026-05-09-election-cycle-current-zh.html","brandInDocTitle|descriptionTooLong","Tidö Current Mandate — Riksdagsmonitor","Tidö Current Mandate","The Tidö coalition delivered three major propositions on 2026-05-07 — state e-ID, foreign security threat expulsion, and Skatteverket address fraud powers — bringing mandate completion to 78% and…","The Tidö coalition delivered three major propositions on 2026-05-07 — state e-ID, foreign security threat expulsion,…"
"news/2026-05-09-election-cycle-next-ja.html","brandInDocTitle|descriptionTooLong","Post-2026 Coalition: Next Mandate 2026-2030 ( ) — Riksdagsmonitor","Post-2026 Coalition: Next Mandate 2026-2030 ( )","The next Swedish government (forming September 2026) will inherit nine durable institutional anchors — including NATO, SIGINT reform, state e-ID, and security threat legislation — making significant…","The next Swedish government (forming September 2026) will inherit nine durable institutional anchors — including NATO,…"
"news/2026-05-09-election-cycle-next-ko.html","brandInDocTitle|descriptionTooLong","Post-2026 Coalition: Next Mandate 2026-2030 ( ) — Riksdagsmonitor","Post-2026 Coalition: Next Mandate 2026-2030 ( )","The next Swedish government (forming September 2026) will inherit nine durable institutional anchors — including NATO, SIGINT reform, state e-ID, and security threat legislation — making significant…","The next Swedish government (forming September 2026) will inherit nine durable institutional anchors — including NATO,…"
"news/2026-05-09-election-cycle-next-zh.html","brandInDocTitle|descriptionTooLong","Post-2026 Coalition: Next Mandate 2026-2030 ( ) — Riksdagsmonitor","Post-2026 Coalition: Next Mandate 2026-2030 ( )","The next Swedish government (forming September 2026) will inherit nine durable institutional anchors — including NATO, SIGINT reform, state e-ID, and security threat legislation — making significant…","The next Swedish government (forming September 2026) will inherit nine durable institutional anchors — including NATO,…"
"news/2026-05-09-monthly-review-ja.html","brandInDocTitle|descriptionTooLong","Monthly Review, May 2026 — Riksdagsmonitor","Monthly Review, May 2026","The Tidö coalition (M, SD, KD, L) is executing a disciplined pre-election legislative sprint with 128 days to the September 2026 election. May 2026's parliamentary output reveals a coherent electoral…","The Tidö coalition (M, SD, KD, L) is executing a disciplined pre-election legislative sprint with 128 days to the…"
"news/2026-05-09-monthly-review-ko.html","brandInDocTitle|descriptionTooLong","Monthly Review, May 2026 — Riksdagsmonitor","Monthly Review, May 2026","The Tidö coalition (M, SD, KD, L) is executing a disciplined pre-election legislative sprint with 128 days to the September 2026 election. May 2026's parliamentary output reveals a coherent electoral…","The Tidö coalition (M, SD, KD, L) is executing a disciplined pre-election legislative sprint with 128 days to the…"
"news/2026-05-09-monthly-review-zh.html","brandInDocTitle|descriptionTooLong","Monthly Review, May 2026 — Riksdagsmonitor","Monthly Review, May 2026","The Tidö coalition (M, SD, KD, L) is executing a disciplined pre-election legislative sprint with 128 days to the September 2026 election. May 2026's parliamentary output reveals a coherent electoral…","The Tidö coalition (M, SD, KD, L) is executing a disciplined pre-election legislative sprint with 128 days to the…"
"news/2026-05-09-realtime-pulse-ja.html","brandInDocTitle|descriptionTooLong","Riksdagen Realtime Pulse: Hyresreform, Skolpolitik… — Riksdagsmonitor","Riksdagen Realtime Pulse: Hyresreform, Skolpolitik…","With 127 days to the September 2026 general election, Friday 8 May saw Riksdagen's Civilutskott approve a landmark rental market flexibility report (HD01CU31) that constitutes the most significant…","With 127 days to the September 2026 general election, Friday 8 May saw Riksdagen's Civilutskott approve a landmark…"
"news/2026-05-09-realtime-pulse-ko.html","brandInDocTitle|descriptionTooLong","Riksdagen Realtime Pulse: Hyresreform, Skolpolitik… — Riksdagsmonitor","Riksdagen Realtime Pulse: Hyresreform, Skolpolitik…","With 127 days to the September 2026 general election, Friday 8 May saw Riksdagen's Civilutskott approve a landmark rental market flexibility report (HD01CU31) that constitutes the most significant…","With 127 days to the September 2026 general election, Friday 8 May saw Riksdagen's Civilutskott approve a landmark…"
"news/2026-05-09-realtime-pulse-zh.html","brandInDocTitle|descriptionTooLong","Riksdagen Realtime Pulse: Hyresreform, Skolpolitik… — Riksdagsmonitor","Riksdagen Realtime Pulse: Hyresreform, Skolpolitik…","With 127 days to the September 2026 general election, Friday 8 May saw Riksdagen's Civilutskott approve a landmark rental market flexibility report (HD01CU31) that constitutes the most significant…","With 127 days to the September 2026 general election, Friday 8 May saw Riksdagen's Civilutskott approve a landmark…"
"news/2026-05-09-weekly-review-ja.html","brandInDocTitle|descriptionTooLong","Produced a cluster of domestic legislation in housing, education — Riksdagsmonitor","Produced a cluster of domestic legislation in housing, education","The week of 2–9 May 2026 produced a cluster of domestic legislation in housing, education, social welfare and the rule of law, while foreign-policy questions exposed a sharp cross-party fissure over…","The week of 2–9 May 2026 produced a cluster of domestic legislation in housing, education, social welfare and the rule…"
"news/2026-05-09-weekly-review-ko.html","brandInDocTitle|descriptionTooLong","Produced a cluster of domestic legislation in housing, education — Riksdagsmonitor","Produced a cluster of domestic legislation in housing, education","The week of 2–9 May 2026 produced a cluster of domestic legislation in housing, education, social welfare and the rule of law, while foreign-policy questions exposed a sharp cross-party fissure over…","The week of 2–9 May 2026 produced a cluster of domestic legislation in housing, education, social welfare and the rule…"
"news/2026-05-09-weekly-review-zh.html","brandInDocTitle|descriptionTooLong","Produced a cluster of domestic legislation in housing, education — Riksdagsmonitor","Produced a cluster of domestic legislation in housing, education","The week of 2–9 May 2026 produced a cluster of domestic legislation in housing, education, social welfare and the rule of law, while foreign-policy questions exposed a sharp cross-party fissure over…","The week of 2–9 May 2026 produced a cluster of domestic legislation in housing, education, social welfare and the rule…"
"news/2026-05-09-year-ahead-ja.html","brandInDocTitle|descriptionTooLong","Sweden Year-Ahead Political Intelligence — Riksdagsmonitor","Sweden Year-Ahead Political Intelligence","Sweden is in its most compressed political-legislative cycle since EU accession. With the Riksdag election 129 days away (September 13, 2026), the Tidö coalition under PM Ulf Kristersson is executing…","Sweden is in its most compressed political-legislative cycle since EU accession."
"news/2026-05-09-year-ahead-ko.html","brandInDocTitle|descriptionTooLong","Sweden Year-Ahead Political Intelligence — Riksdagsmonitor","Sweden Year-Ahead Political Intelligence","Sweden is in its most compressed political-legislative cycle since EU accession. With the Riksdag election 129 days away (September 13, 2026), the Tidö coalition under PM Ulf Kristersson is executing…","Sweden is in its most compressed political-legislative cycle since EU accession."
"news/2026-05-09-year-ahead-zh.html","brandInDocTitle|descriptionTooLong","Sweden Year-Ahead Political Intelligence — Riksdagsmonitor","Sweden Year-Ahead Political Intelligence","Sweden is in its most compressed political-legislative cycle since EU accession. With the Riksdag election 129 days away (September 13, 2026), the Tidö coalition under PM Ulf Kristersson is executing…","Sweden is in its most compressed political-legislative cycle since EU accession."
"news/2026-05-10-election-cycle-current-ja.html","brandInDocTitle|descriptionTooLong","Tidö Mandate Closes: Four-Year Security Pivot Defines 2026 Election… — Riksdagsmonitor","Tidö Mandate Closes: Four-Year Security Pivot Defines 2026 Election…","The 2022–2026 Tidö mandate ends with a structurally transformed Swedish state — security architecture rebuilt, financial-stability framework rebooted, digital-identity stack codified, and immigration…","IMF vintage: WEO Apr-2026 [horizon:cycle] | Riksmöte coverage: 2022/23, 2023/24, 2024/25, 2025/26"
"news/2026-05-10-election-cycle-current-ko.html","brandInDocTitle|descriptionTooLong","Tidö Mandate Closes: Four-Year Security Pivot Defines 2026 Election… — Riksdagsmonitor","Tidö Mandate Closes: Four-Year Security Pivot Defines 2026 Election…","The 2022–2026 Tidö mandate ends with a structurally transformed Swedish state — security architecture rebuilt, financial-stability framework rebooted, digital-identity stack codified, and immigration…","IMF vintage: WEO Apr-2026 [horizon:cycle] | Riksmöte coverage: 2022/23, 2023/24, 2024/25, 2025/26"
"news/2026-05-10-election-cycle-current-zh.html","brandInDocTitle|descriptionTooLong","Tidö Mandate Closes: Four-Year Security Pivot Defines 2026 Election… — Riksdagsmonitor","Tidö Mandate Closes: Four-Year Security Pivot Defines 2026 Election…","The 2022–2026 Tidö mandate ends with a structurally transformed Swedish state — security architecture rebuilt, financial-stability framework rebooted, digital-identity stack codified, and immigration…","IMF vintage: WEO Apr-2026 [horizon:cycle] | Riksmöte coverage: 2022/23, 2023/24, 2024/25, 2025/26"
"news/2026-05-10-monthly-review-ja.html","brandInDocTitle|descriptionTooLong","The May 2026 monthly window reveals a Tidö government racing — Riksdagsmonitor","The May 2026 monthly window reveals a Tidö government racing","The May 2026 monthly window reveals a Tidö government racing to deliver structural legislative reforms in the final parliamentary sprint before the September election.","The May 2026 monthly window reveals a Tidö government racing to deliver structural legislative reforms in the final…"
"news/2026-05-10-monthly-review-ko.html","brandInDocTitle|descriptionTooLong","The May 2026 monthly window reveals a Tidö government racing — Riksdagsmonitor","The May 2026 monthly window reveals a Tidö government racing","The May 2026 monthly window reveals a Tidö government racing to deliver structural legislative reforms in the final parliamentary sprint before the September election.","The May 2026 monthly window reveals a Tidö government racing to deliver structural legislative reforms in the final…"
"news/2026-05-10-monthly-review-zh.html","brandInDocTitle|descriptionTooLong","The May 2026 monthly window reveals a Tidö government racing — Riksdagsmonitor","The May 2026 monthly window reveals a Tidö government racing","The May 2026 monthly window reveals a Tidö government racing to deliver structural legislative reforms in the final parliamentary sprint before the September election.","The May 2026 monthly window reveals a Tidö government racing to deliver structural legislative reforms in the final…"
"news/2026-05-10-realtime-pulse-ja.html","brandInDocTitle|descriptionTooLong","The Tidö government submitted three high-significance propositions — Riksdagsmonitor","The Tidö government submitted three high-significance propositions","On 7 May 2026, the Tidö government submitted three high-significance propositions: (1) expanded SÄPO-linked expulsion powers for security-threat foreigners (JuU), (2) extended Skatteverket…","On 7 May 2026, the Tidö government submitted three high-significance propositions: (1) expanded SÄPO-linked expulsion…"
"news/2026-05-10-realtime-pulse-ko.html","brandInDocTitle|descriptionTooLong","The Tidö government submitted three high-significance propositions — Riksdagsmonitor","The Tidö government submitted three high-significance propositions","On 7 May 2026, the Tidö government submitted three high-significance propositions: (1) expanded SÄPO-linked expulsion powers for security-threat foreigners (JuU), (2) extended Skatteverket…","On 7 May 2026, the Tidö government submitted three high-significance propositions: (1) expanded SÄPO-linked expulsion…"
"news/2026-05-10-realtime-pulse-zh.html","brandInDocTitle|descriptionTooLong","The Tidö government submitted three high-significance propositions — Riksdagsmonitor","The Tidö government submitted three high-significance propositions","On 7 May 2026, the Tidö government submitted three high-significance propositions: (1) expanded SÄPO-linked expulsion powers for security-threat foreigners (JuU), (2) extended Skatteverket…","On 7 May 2026, the Tidö government submitted three high-significance propositions: (1) expanded SÄPO-linked expulsion…"
"news/2026-05-10-week-ahead-ja.html","brandInDocTitle|descriptionTooLong","Riksdag Week Ahead: Housing Reform, School Policy, and Diplomatic… — Riksdagsmonitor","Riksdag Week Ahead: Housing Reform, School Policy, and Diplomatic…","The week of 10–16 May 2026 sees the Swedish Riksdag's Civil Affairs Committee (CU) advancing landmark rental-market liberalisation through the new privatuthyrningslag (HD01CU31) and enforcement…","The week of 10–16 May 2026 sees the Swedish Riksdag's Civil Affairs Committee (CU) advancing landmark rental-market…"
"news/2026-05-10-week-ahead-ko.html","brandInDocTitle|descriptionTooLong","Riksdag Week Ahead: Housing Reform, School Policy, and Diplomatic… — Riksdagsmonitor","Riksdag Week Ahead: Housing Reform, School Policy, and Diplomatic…","The week of 10–16 May 2026 sees the Swedish Riksdag's Civil Affairs Committee (CU) advancing landmark rental-market liberalisation through the new privatuthyrningslag (HD01CU31) and enforcement…","The week of 10–16 May 2026 sees the Swedish Riksdag's Civil Affairs Committee (CU) advancing landmark rental-market…"
"news/2026-05-10-week-ahead-zh.html","brandInDocTitle|descriptionTooLong","Riksdag Week Ahead: Housing Reform, School Policy, and Diplomatic… — Riksdagsmonitor","Riksdag Week Ahead: Housing Reform, School Policy, and Diplomatic…","The week of 10–16 May 2026 sees the Swedish Riksdag's Civil Affairs Committee (CU) advancing landmark rental-market liberalisation through the new privatuthyrningslag (HD01CU31) and enforcement…","The week of 10–16 May 2026 sees the Swedish Riksdag's Civil Affairs Committee (CU) advancing landmark rental-market…"
"news/2026-05-10-year-ahead-ja.html","brandInDocTitle|descriptionTooLong","Sweden Year-Ahead Political Intelligence — Riksdagsmonitor","Sweden Year-Ahead Political Intelligence","Sweden is in its most compressed political-legislative cycle since EU accession. With the Riksdag election 129 days away (September 13, 2026), the Tidö coalition under PM Ulf Kristersson is executing…","Sweden is in its most compressed political-legislative cycle since EU accession."
"news/2026-05-10-year-ahead-ko.html","brandInDocTitle|descriptionTooLong","Sweden Year-Ahead Political Intelligence — Riksdagsmonitor","Sweden Year-Ahead Political Intelligence","Sweden is in its most compressed political-legislative cycle since EU accession. With the Riksdag election 129 days away (September 13, 2026), the Tidö coalition under PM Ulf Kristersson is executing…","Sweden is in its most compressed political-legislative cycle since EU accession."
"news/2026-05-10-year-ahead-zh.html","brandInDocTitle|descriptionTooLong","Sweden Year-Ahead Political Intelligence — Riksdagsmonitor","Sweden Year-Ahead Political Intelligence","Sweden is in its most compressed political-legislative cycle since EU accession. With the Riksdag election 129 days away (September 13, 2026), the Tidö coalition under PM Ulf Kristersson is executing…","Sweden is in its most compressed political-legislative cycle since EU accession."
"news/2026-05-11-committeeReports-ja.html","brandInDocTitle|descriptionTooLong","Riksdag Committee Reports 8 May 2026: Housing Reform, Enforcement… — Riksdagsmonitor","Riksdag Committee Reports 8 May 2026: Housing Reform, Enforcement…","Six Riksdag committee reports dated 8 May 2026 move significant legislation to chamber vote. The most contentious are the Civil Affairs Committee's (CU) housing market reform (HD01CU31) and the…","Six Riksdag committee reports dated 8 May 2026 move significant legislation to chamber vote."
"news/2026-05-11-committeeReports-ko.html","brandInDocTitle|descriptionTooLong","Riksdag Committee Reports 8 May 2026: Housing Reform, Enforcement… — Riksdagsmonitor","Riksdag Committee Reports 8 May 2026: Housing Reform, Enforcement…","Six Riksdag committee reports dated 8 May 2026 move significant legislation to chamber vote. The most contentious are the Civil Affairs Committee's (CU) housing market reform (HD01CU31) and the…","Six Riksdag committee reports dated 8 May 2026 move significant legislation to chamber vote."
"news/2026-05-11-committeeReports-zh.html","brandInDocTitle|descriptionTooLong","Riksdag Committee Reports 8 May 2026: Housing Reform, Enforcement… — Riksdagsmonitor","Riksdag Committee Reports 8 May 2026: Housing Reform, Enforcement…","Six Riksdag committee reports dated 8 May 2026 move significant legislation to chamber vote. The most contentious are the Civil Affairs Committee's (CU) housing market reform (HD01CU31) and the…","Six Riksdag committee reports dated 8 May 2026 move significant legislation to chamber vote."
"news/2026-05-11-election-cycle-current-ja.html","brandInDocTitle|descriptionTooLong","Tidö Mandate Closes: Four-Year Security Pivot Defines 2026 Election… — Riksdagsmonitor","Tidö Mandate Closes: Four-Year Security Pivot Defines 2026 Election…","The 2022–2026 Tidö mandate ends with a structurally transformed Swedish state — security architecture rebuilt, financial-stability framework rebooted, digital-identity stack codified, and immigration…","IMF vintage: WEO Apr-2026 [horizon:cycle] | Riksmöte coverage: 2022/23, 2023/24, 2024/25, 2025/26"
"news/2026-05-11-election-cycle-current-ko.html","brandInDocTitle|descriptionTooLong","Tidö Mandate Closes: Four-Year Security Pivot Defines 2026 Election… — Riksdagsmonitor","Tidö Mandate Closes: Four-Year Security Pivot Defines 2026 Election…","The 2022–2026 Tidö mandate ends with a structurally transformed Swedish state — security architecture rebuilt, financial-stability framework rebooted, digital-identity stack codified, and immigration…","IMF vintage: WEO Apr-2026 [horizon:cycle] | Riksmöte coverage: 2022/23, 2023/24, 2024/25, 2025/26"
"news/2026-05-11-election-cycle-current-zh.html","brandInDocTitle|descriptionTooLong","Tidö Mandate Closes: Four-Year Security Pivot Defines 2026 Election… — Riksdagsmonitor","Tidö Mandate Closes: Four-Year Security Pivot Defines 2026 Election…","The 2022–2026 Tidö mandate ends with a structurally transformed Swedish state — security architecture rebuilt, financial-stability framework rebooted, digital-identity stack codified, and immigration…","IMF vintage: WEO Apr-2026 [horizon:cycle] | Riksmöte coverage: 2022/23, 2023/24, 2024/25, 2025/26"
"news/2026-05-11-evening-analysis-ar.html","brandInDocTitle|isoDateInTitle","Evening Analysis — 2026-05-11 — Riksdagsmonitor","Evidence-based political intelligence analysis for evening-analysis on","Evidence-based political intelligence analysis for evening-analysis on 2026-05-11.","Evidence-based political intelligence analysis for evening-analysis on 2026-05-11."
"news/2026-05-11-evening-analysis-da.html","brandInDocTitle|isoDateInTitle","Evening Analysis — 2026-05-11 — Riksdagsmonitor","Evidence-based political intelligence analysis for evening-analysis","Evidence-based political intelligence analysis for evening-analysis on 2026-05-11.","Evidence-based political intelligence analysis for evening-analysis on 2026-05-11."
"news/2026-05-11-evening-analysis-de.html","brandInDocTitle|isoDateInTitle","Evening Analysis — 2026-05-11 — Riksdagsmonitor","Evidence-based political intelligence analysis for evening-analysis","Evidence-based political intelligence analysis for evening-analysis on 2026-05-11.","Evidence-based political intelligence analysis for evening-analysis on 2026-05-11."
"news/2026-05-11-evening-analysis-en.html","brandInDocTitle|isoDateInTitle","Evening Analysis — 2026-05-11 — Riksdagsmonitor","Evidence-based political intelligence analysis for evening-analysis","Evidence-based political intelligence analysis for evening-analysis on 2026-05-11.","Evidence-based political intelligence analysis for evening-analysis on 2026-05-11."
"news/2026-05-11-evening-analysis-es.html","brandInDocTitle|isoDateInTitle","Evening Analysis — 2026-05-11 — Riksdagsmonitor","Evidence-based political intelligence analysis for evening-analysis","Evidence-based political intelligence analysis for evening-analysis on 2026-05-11.","Evidence-based political intelligence analysis for evening-analysis on 2026-05-11."
"news/2026-05-11-evening-analysis-fi.html","brandInDocTitle|isoDateInTitle","Evening Analysis — 2026-05-11 — Riksdagsmonitor","Evidence-based political intelligence analysis for evening-analysis","Evidence-based political intelligence analysis for evening-analysis on 2026-05-11.","Evidence-based political intelligence analysis for evening-analysis on 2026-05-11."
"news/2026-05-11-evening-analysis-fr.html","brandInDocTitle|isoDateInTitle","Evening Analysis — 2026-05-11 — Riksdagsmonitor","Evidence-based political intelligence analysis for evening-analysis","Evidence-based political intelligence analysis for evening-analysis on 2026-05-11.","Evidence-based political intelligence analysis for evening-analysis on 2026-05-11."
"news/2026-05-11-evening-analysis-he.html","brandInDocTitle|isoDateInTitle","Evening Analysis — 2026-05-11 — Riksdagsmonitor","Evidence-based political intelligence analysis for evening-analysis on","Evidence-based political intelligence analysis for evening-analysis on 2026-05-11.","Evidence-based political intelligence analysis for evening-analysis on 2026-05-11."
"news/2026-05-11-evening-analysis-ja.html","brandInDocTitle|isoDateInTitle","Evening Analysis — 2026-05-11 — Riksdagsmonitor","Evidence-based political intelligence analysis","Evidence-based political intelligence analysis for evening-analysis on 2026-05-11.","Evidence-based political intelligence analysis for evening-analysis on 2026-05-11."
"news/2026-05-11-evening-analysis-ko.html","brandInDocTitle|isoDateInTitle","Evening Analysis — 2026-05-11 — Riksdagsmonitor","Evidence-based political intelligence analysis","Evidence-based political intelligence analysis for evening-analysis on 2026-05-11.","Evidence-based political intelligence analysis for evening-analysis on 2026-05-11."
"news/2026-05-11-evening-analysis-nl.html","brandInDocTitle|isoDateInTitle","Evening Analysis — 2026-05-11 — Riksdagsmonitor","Evidence-based political intelligence analysis for evening-analysis","Evidence-based political intelligence analysis for evening-analysis on 2026-05-11.","Evidence-based political intelligence analysis for evening-analysis on 2026-05-11."
"news/2026-05-11-evening-analysis-no.html","brandInDocTitle|isoDateInTitle","Evening Analysis — 2026-05-11 — Riksdagsmonitor","Evidence-based political intelligence analysis for evening-analysis","Evidence-based political intelligence analysis for evening-analysis on 2026-05-11.","Evidence-based political intelligence analysis for evening-analysis on 2026-05-11."
"news/2026-05-11-evening-analysis-sv.html","brandInDocTitle|isoDateInTitle","Evening Analysis — 2026-05-11 — Riksdagsmonitor","Evidence-based political intelligence analysis for evening-analysis","Evidence-based political intelligence analysis for evening-analysis on 2026-05-11.","Evidence-based political intelligence analysis for evening-analysis on 2026-05-11."
"news/2026-05-11-evening-analysis-zh.html","brandInDocTitle|isoDateInTitle","Evening Analysis — 2026-05-11 — Riksdagsmonitor","Evidence-based political intelligence analysis","Evidence-based political intelligence analysis for evening-analysis on 2026-05-11.","Evidence-based political intelligence analysis for evening-analysis on 2026-05-11."
"news/2026-05-11-interpellations-ja.html","brandInDocTitle|descriptionTooLong","Klimatmålen inför valet: Interpellation om proposition 2030 — Riksdagsmonitor","Klimatmålen inför valet: Interpellation om proposition 2030","Riksdagsledamoten Åsa Westlund (S) har riktat interpellation 2025/26:481 (HD10481) till arbetsmarknadsminister och vikarierande klimat- och miljöminister Johan Britz (L) med frågan om regeringen…","Riksdagsledamoten Åsa Westlund (S) har riktat interpellation 2025/26:481 (HD10481) till arbetsmarknadsminister och…"
"news/2026-05-11-interpellations-ko.html","brandInDocTitle|descriptionTooLong","Klimatmålen inför valet: Interpellation om proposition 2030 — Riksdagsmonitor","Klimatmålen inför valet: Interpellation om proposition 2030","Riksdagsledamoten Åsa Westlund (S) har riktat interpellation 2025/26:481 (HD10481) till arbetsmarknadsminister och vikarierande klimat- och miljöminister Johan Britz (L) med frågan om regeringen…","Riksdagsledamoten Åsa Westlund (S) har riktat interpellation 2025/26:481 (HD10481) till arbetsmarknadsminister och…"
"news/2026-05-11-interpellations-zh.html","brandInDocTitle|descriptionTooLong","Klimatmålen inför valet: Interpellation om proposition 2030 — Riksdagsmonitor","Klimatmålen inför valet: Interpellation om proposition 2030","Riksdagsledamoten Åsa Westlund (S) har riktat interpellation 2025/26:481 (HD10481) till arbetsmarknadsminister och vikarierande klimat- och miljöminister Johan Britz (L) med frågan om regeringen…","Riksdagsledamoten Åsa Westlund (S) har riktat interpellation 2025/26:481 (HD10481) till arbetsmarknadsminister och…"
"news/2026-05-11-motions-ja.html","brandInDocTitle|descriptionTooLong","Eight opposition motions filed against two government propositions — Riksdagsmonitor","Eight opposition motions filed against two government propositions","Eight opposition motions filed against two government propositions expose deep cross-party fractures on forestry deregulation and juvenile criminal justice with 125 days to election.","ARTICLE_DATE: 2026-05-11 | SUBFOLDER: motions | Family: A | Confidence: HIGH IMF Vintage: WEO-2026-04 | Election: T-125…"
"news/2026-05-11-motions-ko.html","brandInDocTitle|descriptionTooLong","Eight opposition motions filed against two government propositions — Riksdagsmonitor","Eight opposition motions filed against two government propositions","Eight opposition motions filed against two government propositions expose deep cross-party fractures on forestry deregulation and juvenile criminal justice with 125 days to election.","ARTICLE_DATE: 2026-05-11 | SUBFOLDER: motions | Family: A | Confidence: HIGH IMF Vintage: WEO-2026-04 | Election: T-125…"
"news/2026-05-11-motions-zh.html","brandInDocTitle|descriptionTooLong","Eight opposition motions filed against two government propositions — Riksdagsmonitor","Eight opposition motions filed against two government propositions","Eight opposition motions filed against two government propositions expose deep cross-party fractures on forestry deregulation and juvenile criminal justice with 125 days to election.","ARTICLE_DATE: 2026-05-11 | SUBFOLDER: motions | Family: A | Confidence: HIGH IMF Vintage: WEO-2026-04 | Election: T-125…"
"news/2026-05-11-propositions-ja.html","brandInDocTitle|descriptionTooLong","Säkerhet, identitet och statlig kontroll: Tre propositioner 7 maj 2026 — Riksdagsmonitor","Säkerhet, identitet och statlig kontroll: Tre propositioner 7 maj 2026","Den 7 maj 2026 presenterade Tidöregeringen tre propositioner med genomgående tema: utvidgad statlig kontroll över identitet, befolkningsregister och frihetsberövande av säkerhetshot.","Den 7 maj 2026 presenterade Tidöregeringen tre propositioner med genomgående tema: utvidgad statlig kontroll över…"
"news/2026-05-11-propositions-ko.html","brandInDocTitle|descriptionTooLong","Säkerhet, identitet och statlig kontroll: Tre propositioner 7 maj 2026 — Riksdagsmonitor","Säkerhet, identitet och statlig kontroll: Tre propositioner 7 maj 2026","Den 7 maj 2026 presenterade Tidöregeringen tre propositioner med genomgående tema: utvidgad statlig kontroll över identitet, befolkningsregister och frihetsberövande av säkerhetshot.","Den 7 maj 2026 presenterade Tidöregeringen tre propositioner med genomgående tema: utvidgad statlig kontroll över…"
"news/2026-05-11-propositions-zh.html","brandInDocTitle|descriptionTooLong","Säkerhet, identitet och statlig kontroll: Tre propositioner 7 maj 2026 — Riksdagsmonitor","Säkerhet, identitet och statlig kontroll: Tre propositioner 7 maj 2026","Den 7 maj 2026 presenterade Tidöregeringen tre propositioner med genomgående tema: utvidgad statlig kontroll över identitet, befolkningsregister och frihetsberövande av säkerhetshot.","Den 7 maj 2026 presenterade Tidöregeringen tre propositioner med genomgående tema: utvidgad statlig kontroll över…"
"news/2026-05-11-year-ahead-ja.html","brandInDocTitle|descriptionTooLong","Sweden Year-Ahead → +365 — Riksdagsmonitor","Sweden Year-Ahead → +365","Constitutional change of magnitude — KU34 (HD01KU34) brings the abortion right toward grundlagsskydd while simultaneously expanding state powers to limit freedom of association (RF 2:24) and…","Bottom line: Sweden's 365-day political horizon is dominated by three interlocking dynamics: (i) the…"
"news/2026-05-11-year-ahead-ko.html","brandInDocTitle|descriptionTooLong","Sweden Year-Ahead → +365 — Riksdagsmonitor","Sweden Year-Ahead → +365","Constitutional change of magnitude — KU34 (HD01KU34) brings the abortion right toward grundlagsskydd while simultaneously expanding state powers to limit freedom of association (RF 2:24) and…","Bottom line: Sweden's 365-day political horizon is dominated by three interlocking dynamics: (i) the…"
"news/2026-05-11-year-ahead-zh.html","brandInDocTitle|descriptionTooLong","Sweden Year-Ahead → +365 — Riksdagsmonitor","Sweden Year-Ahead → +365","Constitutional change of magnitude — KU34 (HD01KU34) brings the abortion right toward grundlagsskydd while simultaneously expanding state powers to limit freedom of association (RF 2:24) and…","Bottom line: Sweden's 365-day political horizon is dominated by three interlocking dynamics: (i) the…"
"news/2026-05-12-committeeReports-ja.html","brandInDocTitle|descriptionTooLong","Riksdag Committee Reports: Konstitutionell reform, suicidprevention… — Riksdagsmonitor","Riksdag Committee Reports: Konstitutionell reform, suicidprevention…","Konstitutionsutskottet (KU) presenterar ett historiskt dubbelbetänkande (HD01KU34) som söker grundlagsskydda aborträtten och samtidigt utöka möjligheterna att begränsa föreningsfriheten och…","Analysis cycle: committeeReports · 2026-05-12"
"news/2026-05-12-committeeReports-ko.html","brandInDocTitle|descriptionTooLong","Riksdag Committee Reports: Konstitutionell reform, suicidprevention… — Riksdagsmonitor","Riksdag Committee Reports: Konstitutionell reform, suicidprevention…","Konstitutionsutskottet (KU) presenterar ett historiskt dubbelbetänkande (HD01KU34) som söker grundlagsskydda aborträtten och samtidigt utöka möjligheterna att begränsa föreningsfriheten och…","Analysis cycle: committeeReports · 2026-05-12"
"news/2026-05-12-committeeReports-zh.html","brandInDocTitle|descriptionTooLong","Riksdag Committee Reports: Konstitutionell reform, suicidprevention… — Riksdagsmonitor","Riksdag Committee Reports: Konstitutionell reform, suicidprevention…","Konstitutionsutskottet (KU) presenterar ett historiskt dubbelbetänkande (HD01KU34) som söker grundlagsskydda aborträtten och samtidigt utöka möjligheterna att begränsa föreningsfriheten och…","Analysis cycle: committeeReports · 2026-05-12"
"news/2026-05-12-evening-analysis-ja.html","brandInDocTitle|descriptionTooLong","Evening Analysis 12 maj 2026 — Riksdagsmonitor","Evening Analysis 12 maj 2026","Tisdagen den 12 maj 2026 är en av den innevarande riksmötets parlamentariskt tätaste dagar inför riksdagsvalet den 13 september 2026. Tre regeringspropositioner (HD03250, HD03261, HD03267) avancerar…","Tisdagen den 12 maj 2026 är en av den innevarande riksmötets parlamentariskt tätaste dagar inför riksdagsvalet den 13…"
"news/2026-05-12-evening-analysis-ko.html","brandInDocTitle|descriptionTooLong","Evening Analysis 12 maj 2026 — Riksdagsmonitor","Evening Analysis 12 maj 2026","Tisdagen den 12 maj 2026 är en av den innevarande riksmötets parlamentariskt tätaste dagar inför riksdagsvalet den 13 september 2026. Tre regeringspropositioner (HD03250, HD03261, HD03267) avancerar…","Tisdagen den 12 maj 2026 är en av den innevarande riksmötets parlamentariskt tätaste dagar inför riksdagsvalet den 13…"
"news/2026-05-12-evening-analysis-zh.html","brandInDocTitle|descriptionTooLong","Evening Analysis 12 maj 2026 — Riksdagsmonitor","Evening Analysis 12 maj 2026","Tisdagen den 12 maj 2026 är en av den innevarande riksmötets parlamentariskt tätaste dagar inför riksdagsvalet den 13 september 2026. Tre regeringspropositioner (HD03250, HD03261, HD03267) avancerar…","Tisdagen den 12 maj 2026 är en av den innevarande riksmötets parlamentariskt tätaste dagar inför riksdagsvalet den 13…"
"news/2026-05-12-interpellations-ja.html","brandInDocTitle|descriptionTooLong","Opposition Presses Government on Climate Delay and Shadow Economy… — Riksdagsmonitor","Opposition Presses Government on Climate Delay and Shadow Economy…","Two Social Democratic interpellations on 11 May 2026 — HD10481 and HD10482 — expose the Tidö coalition's pre-election accountability gap on climate legislation and labour crime enforcement.","Two Social Democratic interpellations on 11 May 2026 — HD10481 and HD10482 — expose the Tidö coalition's pre-election…"
"news/2026-05-12-interpellations-ko.html","brandInDocTitle|descriptionTooLong","Opposition Presses Government on Climate Delay and Shadow Economy… — Riksdagsmonitor","Opposition Presses Government on Climate Delay and Shadow Economy…","Two Social Democratic interpellations on 11 May 2026 — HD10481 and HD10482 — expose the Tidö coalition's pre-election accountability gap on climate legislation and labour crime enforcement.","Two Social Democratic interpellations on 11 May 2026 — HD10481 and HD10482 — expose the Tidö coalition's pre-election…"
"news/2026-05-12-interpellations-zh.html","brandInDocTitle|descriptionTooLong","Opposition Presses Government on Climate Delay and Shadow Economy… — Riksdagsmonitor","Opposition Presses Government on Climate Delay and Shadow Economy…","Two Social Democratic interpellations on 11 May 2026 — HD10481 and HD10482 — expose the Tidö coalition's pre-election accountability gap on climate legislation and labour crime enforcement.","Two Social Democratic interpellations on 11 May 2026 — HD10481 and HD10482 — expose the Tidö coalition's pre-election…"
"news/2026-05-12-motions-ar.html","brandInDocTitle|isoDateInTitle","Vänsterpartiet filed two committee motions on 2026-05-11 opposing — Riksdagsmonitor","Vänsterpartiet filed two committee motions on opposing","Vänsterpartiet filed two committee motions on 2026-05-11 opposing the Tidö government's tightened immigration regime. Motion HD024149 demands full rejection of prop. 2025/26:264 on stricter character…","Priority: HIGH — election-year immigration debate, constitutional rights dimensions"
"news/2026-05-12-motions-da.html","brandInDocTitle|isoDateInTitle","Vänsterpartiet filed two committee motions on 2026-05-11 opposing — Riksdagsmonitor","Vänsterpartiet filed two committee motions on opposing","Vänsterpartiet filed two committee motions on 2026-05-11 opposing the Tidö government's tightened immigration regime. Motion HD024149 demands full rejection of prop. 2025/26:264 on stricter character…","Vänsterpartiet filed two committee motions on 2026-05-11 opposing the Tidö government's tightened immigration regime. Motion HD024149 demands full rejection of prop. 2025/26:264 on stricter character…"
"news/2026-05-12-motions-de.html","brandInDocTitle|isoDateInTitle","Vänsterpartiet filed two committee motions on 2026-05-11 opposing — Riksdagsmonitor","Vänsterpartiet filed two committee motions on opposing","Vänsterpartiet filed two committee motions on 2026-05-11 opposing the Tidö government's tightened immigration regime. Motion HD024149 demands full rejection of prop. 2025/26:264 on stricter character…","Vänsterpartiet filed two committee motions on 2026-05-11 opposing the Tidö government's tightened immigration regime. Motion HD024149 demands full rejection of prop. 2025/26:264 on stricter character…"
"news/2026-05-12-motions-en.html","brandInDocTitle|isoDateInTitle","Vänsterpartiet filed two committee motions on 2026-05-11 opposing — Riksdagsmonitor","Vänsterpartiet filed two committee motions on opposing","Vänsterpartiet filed two committee motions on 2026-05-11 opposing the Tidö government's tightened immigration regime. Motion HD024149 demands full rejection of prop. 2025/26:264 on stricter character…","Vänsterpartiet filed two committee motions on 2026-05-11 opposing the Tidö government's tightened immigration regime. Motion HD024149 demands full rejection of prop. 2025/26:264 on stricter character…"
"news/2026-05-12-motions-es.html","brandInDocTitle|isoDateInTitle","Vänsterpartiet filed two committee motions on 2026-05-11 opposing — Riksdagsmonitor","Vänsterpartiet filed two committee motions on opposing","Vänsterpartiet filed two committee motions on 2026-05-11 opposing the Tidö government's tightened immigration regime. Motion HD024149 demands full rejection of prop. 2025/26:264 on stricter character…","Vänsterpartiet filed two committee motions on 2026-05-11 opposing the Tidö government's tightened immigration regime. Motion HD024149 demands full rejection of prop. 2025/26:264 on stricter character…"
"news/2026-05-12-motions-fi.html","brandInDocTitle|isoDateInTitle","Vänsterpartiet filed two committee motions on 2026-05-11 opposing — Riksdagsmonitor","Vänsterpartiet filed two committee motions on opposing","Vänsterpartiet filed two committee motions on 2026-05-11 opposing the Tidö government's tightened immigration regime. Motion HD024149 demands full rejection of prop. 2025/26:264 on stricter character…","Vänsterpartiet filed two committee motions on 2026-05-11 opposing the Tidö government's tightened immigration regime. Motion HD024149 demands full rejection of prop. 2025/26:264 on stricter character…"
"news/2026-05-12-motions-fr.html","brandInDocTitle|isoDateInTitle","Vänsterpartiet filed two committee motions on 2026-05-11 opposing — Riksdagsmonitor","Vänsterpartiet filed two committee motions on opposing","Vänsterpartiet filed two committee motions on 2026-05-11 opposing the Tidö government's tightened immigration regime. Motion HD024149 demands full rejection of prop. 2025/26:264 on stricter character…","Vänsterpartiet filed two committee motions on 2026-05-11 opposing the Tidö government's tightened immigration regime. Motion HD024149 demands full rejection of prop. 2025/26:264 on stricter character…"
"news/2026-05-12-motions-he.html","brandInDocTitle|isoDateInTitle","Vänsterpartiet filed two committee motions on 2026-05-11 opposing — Riksdagsmonitor","Vänsterpartiet filed two committee motions on opposing","Vänsterpartiet filed two committee motions on 2026-05-11 opposing the Tidö government's tightened immigration regime. Motion HD024149 demands full rejection of prop. 2025/26:264 on stricter character…","Priority: HIGH — election-year immigration debate, constitutional rights dimensions"
"news/2026-05-12-motions-ja.html","brandInDocTitle|isoDateInTitle|descriptionTooLong","Vänsterpartiet filed two committee motions on 2026-05-11 opposing — Riksdagsmonitor","Vänsterpartiet filed two committee motions on opposing","Vänsterpartiet filed two committee motions on 2026-05-11 opposing the Tidö government's tightened immigration regime. Motion HD024149 demands full rejection of prop. 2025/26:264 on stricter character…","Priority: HIGH — election-year immigration debate, constitutional rights dimensions"
"news/2026-05-12-motions-ko.html","brandInDocTitle|isoDateInTitle|descriptionTooLong","Vänsterpartiet filed two committee motions on 2026-05-11 opposing — Riksdagsmonitor","Vänsterpartiet filed two committee motions on opposing","Vänsterpartiet filed two committee motions on 2026-05-11 opposing the Tidö government's tightened immigration regime. Motion HD024149 demands full rejection of prop. 2025/26:264 on stricter character…","Priority: HIGH — election-year immigration debate, constitutional rights dimensions"
"news/2026-05-12-motions-nl.html","brandInDocTitle|isoDateInTitle","Vänsterpartiet filed two committee motions on 2026-05-11 opposing — Riksdagsmonitor","Vänsterpartiet filed two committee motions on opposing","Vänsterpartiet filed two committee motions on 2026-05-11 opposing the Tidö government's tightened immigration regime. Motion HD024149 demands full rejection of prop. 2025/26:264 on stricter character…","Vänsterpartiet filed two committee motions on 2026-05-11 opposing the Tidö government's tightened immigration regime. Motion HD024149 demands full rejection of prop. 2025/26:264 on stricter character…"
"news/2026-05-12-motions-no.html","brandInDocTitle|isoDateInTitle","Vänsterpartiet filed two committee motions on 2026-05-11 opposing — Riksdagsmonitor","Vänsterpartiet filed two committee motions on opposing","Vänsterpartiet filed two committee motions on 2026-05-11 opposing the Tidö government's tightened immigration regime. Motion HD024149 demands full rejection of prop. 2025/26:264 on stricter character…","Vänsterpartiet filed two committee motions on 2026-05-11 opposing the Tidö government's tightened immigration regime. Motion HD024149 demands full rejection of prop. 2025/26:264 on stricter character…"
"news/2026-05-12-motions-sv.html","brandInDocTitle|isoDateInTitle","Vänsterpartiet filed two committee motions on 2026-05-11 opposing — Riksdagsmonitor","Vänsterpartiet filed two committee motions on opposing","Vänsterpartiet filed two committee motions on 2026-05-11 opposing the Tidö government's tightened immigration regime. Motion HD024149 demands full rejection of prop. 2025/26:264 on stricter character…","Vänsterpartiet filed two committee motions on 2026-05-11 opposing the Tidö government's tightened immigration regime. Motion HD024149 demands full rejection of prop. 2025/26:264 on stricter character…"
"news/2026-05-12-motions-zh.html","brandInDocTitle|isoDateInTitle|descriptionTooLong","Vänsterpartiet filed two committee motions on 2026-05-11 opposing — Riksdagsmonitor","Vänsterpartiet filed two committee motions on opposing","Vänsterpartiet filed two committee motions on 2026-05-11 opposing the Tidö government's tightened immigration regime. Motion HD024149 demands full rejection of prop. 2025/26:264 on stricter character…","Priority: HIGH — election-year immigration debate, constitutional rights dimensions"
"news/2026-05-12-propositions-ja.html","brandInDocTitle|descriptionTooLong","Three government propositions submitted 7 May 2026 advance the Tidö — Riksdagsmonitor","Three government propositions submitted 7 May 2026 advance the Tidö","Three government propositions submitted 7 May 2026 advance the Tidö coalition's state-capacity agenda in the final parliamentary stretch before the September 2026 election.","Three government propositions submitted 7 May 2026 advance the Tidö coalition's state-capacity agenda in the final…"
"news/2026-05-12-propositions-ko.html","brandInDocTitle|descriptionTooLong","Three government propositions submitted 7 May 2026 advance the Tidö — Riksdagsmonitor","Three government propositions submitted 7 May 2026 advance the Tidö","Three government propositions submitted 7 May 2026 advance the Tidö coalition's state-capacity agenda in the final parliamentary stretch before the September 2026 election.","Three government propositions submitted 7 May 2026 advance the Tidö coalition's state-capacity agenda in the final…"
"news/2026-05-12-propositions-zh.html","brandInDocTitle|descriptionTooLong","Three government propositions submitted 7 May 2026 advance the Tidö — Riksdagsmonitor","Three government propositions submitted 7 May 2026 advance the Tidö","Three government propositions submitted 7 May 2026 advance the Tidö coalition's state-capacity agenda in the final parliamentary stretch before the September 2026 election.","Three government propositions submitted 7 May 2026 advance the Tidö coalition's state-capacity agenda in the final…"
"news/2026-05-12-realtime-pulse-ja.html","brandInDocTitle|descriptionTooLong","Riksdagen Realtime Pulse 12 maj 2026 — Riksdagsmonitor","Riksdagen Realtime Pulse 12 maj 2026","Tisdagen den 12 maj 2026 präglas av Vänsterpartiets tredubbla interpellationsoffensiv mot regeringen inom äldreomsorg, jämställda löner och välfärd — ett koordinerat pre-election signalblock riktat…","Tisdagen den 12 maj 2026 präglas av Vänsterpartiets tredubbla interpellationsoffensiv mot regeringen inom äldreomsorg,…"
"news/2026-05-12-realtime-pulse-ko.html","brandInDocTitle|descriptionTooLong","Riksdagen Realtime Pulse 12 maj 2026 — Riksdagsmonitor","Riksdagen Realtime Pulse 12 maj 2026","Tisdagen den 12 maj 2026 präglas av Vänsterpartiets tredubbla interpellationsoffensiv mot regeringen inom äldreomsorg, jämställda löner och välfärd — ett koordinerat pre-election signalblock riktat…","Tisdagen den 12 maj 2026 präglas av Vänsterpartiets tredubbla interpellationsoffensiv mot regeringen inom äldreomsorg,…"
"news/2026-05-12-realtime-pulse-zh.html","brandInDocTitle|descriptionTooLong","Riksdagen Realtime Pulse 12 maj 2026 — Riksdagsmonitor","Riksdagen Realtime Pulse 12 maj 2026","Tisdagen den 12 maj 2026 präglas av Vänsterpartiets tredubbla interpellationsoffensiv mot regeringen inom äldreomsorg, jämställda löner och välfärd — ett koordinerat pre-election signalblock riktat…","Tisdagen den 12 maj 2026 präglas av Vänsterpartiets tredubbla interpellationsoffensiv mot regeringen inom äldreomsorg,…"
"news/2026-05-13-committeeReports-ar.html","brandInDocTitle|descriptionTooShort","إعادة هيكلة السياسة الريفية السويدية وإعادة توجيه كفاءة الطاقة… — Riksdagsmonitor","إعادة هيكلة السياسة الريفية السويدية وإعادة توجيه كفاءة الطاقة…","<div dir=""rtl"">","On 12 May 2026, Sweden's Riksdag received two betänkanden of high political significance: Betänkande 2025/26:NU21 on comprehensive rural policy (prop. 2025/26:158) and Betänkande…"
"news/2026-05-13-committeeReports-he.html","brandInDocTitle|descriptionTooShort","שיפוץ מדיניות הכפר השוודית וכיוון מחדש של יעילות האנרגיה: שני דוחות… — Riksdagsmonitor","שיפוץ מדיניות הכפר השוודית וכיוון מחדש של יעילות האנרגיה: שני דוחות…","<div dir=""rtl"">","On 12 May 2026, Sweden's Riksdag received two betänkanden of high political significance: Betänkande 2025/26:NU21 on comprehensive rural policy (prop. 2025/26:158) and Betänkande…"
"news/2026-05-13-election-cycle-current-ja.html","brandInDocTitle|descriptionTooLong","Tidö Mandate, T-123: EU Energy Compliance Closes While Security Pivot… — Riksdagsmonitor","Tidö Mandate, T-123: EU Energy Compliance Closes While Security Pivot…","The 2022–2026 Tidö mandate ends with a structurally transformed Swedish state — security architecture rebuilt, financial-stability framework rebooted, digital-identity stack codified, and immigration…","IMF vintage: WEO Apr-2026 [horizon:cycle] | Riksmöte coverage: 2022/23, 2023/24, 2024/25, 2025/26"
"news/2026-05-13-election-cycle-current-ko.html","brandInDocTitle|descriptionTooLong","Tidö Mandate, T-123: EU Energy Compliance Closes While Security Pivot… — Riksdagsmonitor","Tidö Mandate, T-123: EU Energy Compliance Closes While Security Pivot…","The 2022–2026 Tidö mandate ends with a structurally transformed Swedish state — security architecture rebuilt, financial-stability framework rebooted, digital-identity stack codified, and immigration…","IMF vintage: WEO Apr-2026 [horizon:cycle] | Riksmöte coverage: 2022/23, 2023/24, 2024/25, 2025/26"
"news/2026-05-13-election-cycle-current-zh.html","brandInDocTitle|descriptionTooLong","Tidö Mandate, T-123: EU Energy Compliance Closes While Security Pivot… — Riksdagsmonitor","Tidö Mandate, T-123: EU Energy Compliance Closes While Security Pivot…","The 2022–2026 Tidö mandate ends with a structurally transformed Swedish state — security architecture rebuilt, financial-stability framework rebooted, digital-identity stack codified, and immigration…","IMF vintage: WEO Apr-2026 [horizon:cycle] | Riksmöte coverage: 2022/23, 2023/24, 2024/25, 2025/26"
"news/2026-05-13-election-cycle-next-ja.html","brandInDocTitle|descriptionTooLong","Post-2026 Mandate Forecast — Riksdagsmonitor","Post-2026 Mandate Forecast","Even-money (45–55% [horizon:election]) that the 2026-09-13 Riksdagsval produces a hung-parliament-style outcome requiring > 30 days of coalition formation.","Even-money (45–55% [horizon:election]) that the 2026-09-13 Riksdagsval produces a hung-parliament-style outcome…"
"news/2026-05-13-election-cycle-next-ko.html","brandInDocTitle|descriptionTooLong","Post-2026 Mandate Forecast — Riksdagsmonitor","Post-2026 Mandate Forecast","Even-money (45–55% [horizon:election]) that the 2026-09-13 Riksdagsval produces a hung-parliament-style outcome requiring > 30 days of coalition formation.","Even-money (45–55% [horizon:election]) that the 2026-09-13 Riksdagsval produces a hung-parliament-style outcome…"
"news/2026-05-13-election-cycle-next-zh.html","brandInDocTitle|descriptionTooLong","Post-2026 Mandate Forecast — Riksdagsmonitor","Post-2026 Mandate Forecast","Even-money (45–55% [horizon:election]) that the 2026-09-13 Riksdagsval produces a hung-parliament-style outcome requiring > 30 days of coalition formation.","Even-money (45–55% [horizon:election]) that the 2026-09-13 Riksdagsval produces a hung-parliament-style outcome…"
"news/2026-05-13-evening-analysis-ar.html","adminInDescription|brandInDocTitle","التحليل المسائي — السويد، — Riksdagsmonitor","التحليل المسائي — السويد،","التاريخ: 2026-05-13 | الدورة: 2025/26 | المجلد الفرعي: evening-analysis التصنيف: 🟢 عام | الثقة: عالية | DIW: L2+","التاريخ: 2026-05-13 الدورة: 2025/26 المجلد الفرعي: evening-analysis التصنيف: 🟢 عام الثقة: عالية"
"news/2026-05-13-evening-analysis-da.html","adminInDescription|brandInDocTitle","Nyhedsbrev — Sverige Aftensanalyse — Riksdagsmonitor","Nyhedsbrev — Sverige Aftensanalyse","Dato: 2026-05-13 | Cyklus: 2025/26 | Undermappe: evening-analysis Klassifikation: 🟢 Offentlig | Konfidensniveau: HØJ | DIW: L2+","Dato: 2026-05-13 Cyklus: 2025/26 Undermappe: evening-analysis Klassifikation: 🟢 Offentlig Konfidensniveau: HØJ"
"news/2026-05-13-evening-analysis-de.html","adminInDescription|brandInDocTitle","Abendanalyse — Schweden — Riksdagsmonitor","Abendanalyse — Schweden","Datum: 2026-05-13 | Zyklus: 2025/26 | Unterordner: evening-analysis Klassifizierung: 🟢 Öffentlich | Vertraulichkeit: HOCH | DIW: L2+","Zyklus: 2025/26 Unterordner: evening-analysis Klassifizierung: 🟢 Öffentlich Vertraulichkeit: HOCH"
"news/2026-05-13-evening-analysis-es.html","adminInDescription|brandInDocTitle","Análisis vespertino — Suecia — Riksdagsmonitor","Análisis vespertino — Suecia","Fecha: 2026-05-13 | Ciclo: 2025/26 | Subcarpeta: evening-analysis Clasificación: 🟢 Pública | Confianza: ALTA | DIW: L2+","Fecha: 2026-05-13 Ciclo: 2025/26 Subcarpeta: evening-analysis Clasificación: 🟢 Pública Confianza: ALTA"
"news/2026-05-13-evening-analysis-fi.html","adminInDescription|brandInDocTitle","Iltapäiväanalyysi — Ruotsi — Riksdagsmonitor","Iltapäiväanalyysi — Ruotsi","Päivämäärä: 2026-05-13 | Sykli: 2025/26 | Alikansio: evening-analysis Luokitus: 🟢 Julkinen | Luottamustaso: KORKEA | DIW: L2+","Päivämäärä: 2026-05-13 Sykli: 2025/26 Alikansio: evening-analysis Luokitus: 🟢 Julkinen Luottamustaso: KORKEA"
"news/2026-05-13-evening-analysis-he.html","adminInDescription|brandInDocTitle","Sweden Evening Analysis — Riksdagsmonitor","Sweden Evening Analysis","תאריך: 2026-05-13 | מחזור: 2025/26 | תיקיית משנה: evening-analysis סיווג: 🟢 ציבורי | אמינות: גבוהה | DIW: L2+","תאריך: 2026-05-13 מחזור: 2025/26 תיקיית משנה: evening-analysis סיווג: 🟢 ציבורי אמינות: גבוהה"
"news/2026-05-13-evening-analysis-ja.html","adminInDescription|brandInDocTitle","Sweden Evening Analysis — Riksdagsmonitor","Sweden Evening Analysis","日付: 2026-05-13 | サイクル: 2025/26 | サブフォルダ: evening-analysis 分類: 🟢 公開 | 信頼度: 高 | DIW: L2+","日付: 2026-05-13 サイクル: 2025/26 サブフォルダ: evening-analysis 分類: 🟢 公開 信頼度: 高"
"news/2026-05-13-evening-analysis-ko.html","adminInDescription|brandInDocTitle","Sweden Evening Analysis — Riksdagsmonitor","Sweden Evening Analysis","날짜: 2026-05-13 | 주기: 2025/26 | 하위 폴더: evening-analysis 분류: 🟢 공개 | 신뢰도: 높음 | DIW: L2+","날짜: 2026-05-13 주기: 2025/26 하위 폴더: evening-analysis 분류: 🟢 공개 신뢰도: 높음"
"news/2026-05-13-evening-analysis-nl.html","adminInDescription|brandInDocTitle","Avondanalyse — Zweden — Riksdagsmonitor","Avondanalyse — Zweden","Datum: 2026-05-13 | Cyclus: 2025/26 | Submap: evening-analysis Classificatie: 🟢 Publiek | Betrouwbaarheid: HOOG | DIW: L2+","Cyclus: 2025/26 Submap: evening-analysis Classificatie: 🟢 Publiek Betrouwbaarheid: HOOG"
"news/2026-05-13-evening-analysis-no.html","adminInDescription|brandInDocTitle","Kveldsanalyse — Sverige — Riksdagsmonitor","Kveldsanalyse — Sverige","Dato: 2026-05-13 | Syklus: 2025/26 | Undermappe: evening-analysis Klassifisering: 🟢 Offentlig | Konfidensnivå: HØY | DIW: L2+","Dato: 2026-05-13 Syklus: 2025/26 Undermappe: evening-analysis Klassifisering: 🟢 Offentlig Konfidensnivå: HØY"
"news/2026-05-13-evening-analysis-sv.html","adminInDescription|brandInDocTitle","Sammanfattning — Sverige Kvällsanalys — Riksdagsmonitor","Sammanfattning — Sverige Kvällsanalys","Datum: 2026-05-13 | Cykel: 2025/26 | Undermapp: evening-analysis Klassificering: 🟢 Offentlig | Konfidensgrad: HÖG | DIW: L2+","Cykel: 2025/26 Undermapp: evening-analysis Klassificering: 🟢 Offentlig Konfidensgrad: HÖG"
"news/2026-05-13-interpellations-ar.html","brandInDocTitle|descriptionTooShort","يضغط Riksdag على الحكومة بشأن المساواة في الرعاية الاجتماعية والتقاعس… — Riksdagsmonitor","يضغط Riksdag على الحكومة بشأن المساواة في الرعاية الاجتماعية والتقاعس…","<div dir=""rtl"">","Two interpellations submitted to the Tidö government on May 13 expose a governance accountability gap: the Social Democrats challenge Civilminister Erik Slottner (KD) over the…"
"news/2026-05-13-interpellations-he.html","brandInDocTitle|descriptionTooShort","Riksdag לוחץ על הממשלה בנוגע לשוויון רווחה ואי-פעולה בתחום האקלים… — Riksdagsmonitor","Riksdag לוחץ על הממשלה בנוגע לשוויון רווחה ואי-פעולה בתחום האקלים…","<div dir=""rtl"">","Two interpellations submitted to the Tidö government on May 13 expose a governance accountability gap: the Social Democrats challenge Civilminister Erik Slottner (KD) over the…"
"news/2026-05-13-motions-ar.html","brandInDocTitle|descriptionTooShort","الملخص التنفيذي — اقتراحات المعارضة — Riksdagsmonitor","الملخص التنفيذي — اقتراحات المعارضة","<div dir=""rtl"">","Sweden's parliamentary opposition filed 19 counter-motions in the week of 2026-05-07 to 2026-05-13, targeting five government propositions across political party funding…"
"news/2026-05-13-propositions-ar.html","brandInDocTitle|midWordDescriptionCut","ملخص تنفيذي — مقترحات الحكومة — Riksdagsmonitor","ملخص تنفيذي — مقترحات الحكومة","التصنيف: عام التاريخ: 2026-05-13 دورة البرلمان: 2025/26 (بيانات من 2026-05-07) المؤلف: تحليل الذكاء الاصطناعي لـ Riksdagsmonitor","The Swedish Government on 7 May 2026 submitted three propositions spanning digital identity infrastructure, administrative law enforcement, and national security detention law."
"news/2026-05-13-propositions-da.html","brandInDocTitle|midWordDescriptionCut","Resumé — Regeringens propositioner — Riksdagsmonitor","Resumé — Regeringens propositioner","Klassificering: OFFENTLIG Dato: 2026-05-13 Riksmøde: 2025/26 (data fra 2026-05-07) Forfatter: Riksdagsmonitor AI-analyse","The Swedish Government on 7 May 2026 submitted three propositions spanning digital identity infrastructure, administrative law enforcement, and national security detention law."
"news/2026-05-13-propositions-de.html","brandInDocTitle|midWordDescriptionCut","Kurzübersicht — Regierungspropositionem — Riksdagsmonitor","Kurzübersicht — Regierungspropositionem","Klassifizierung: ÖFFENTLICH Datum: 2026-05-13 Reichstag: 2025/26 (Daten vom 2026-05-07) Autor: Riksdagsmonitor KI-Analyse","The Swedish Government on 7 May 2026 submitted three propositions spanning digital identity infrastructure, administrative law enforcement, and national security detention law."
"news/2026-05-13-propositions-es.html","brandInDocTitle|midWordDescriptionCut","Resumen ejecutivo — Proposiciones del Gobierno — Riksdagsmonitor","Resumen ejecutivo — Proposiciones del Gobierno","Clasificación: PÚBLICO Fecha: 2026-05-13 Riksdag: 2025/26 (datos de 2026-05-07) Autor: Análisis de IA de Riksdagsmonitor","The Swedish Government on 7 May 2026 submitted three propositions spanning digital identity infrastructure, administrative law enforcement, and national security detention law."
"news/2026-05-13-propositions-fi.html","brandInDocTitle|midWordDescriptionCut","Tiivistelmä — Hallituksen esitykset — Riksdagsmonitor","Tiivistelmä — Hallituksen esitykset","Luokitus: JULKINEN Päivämäärä: 2026-05-13 Valtiopäivät: 2025/26 (data 2026-05-07) Tekijä: Riksdagsmonitor tekoälyanalyysi","The Swedish Government on 7 May 2026 submitted three propositions spanning digital identity infrastructure, administrative law enforcement, and national security detention law."
"news/2026-05-13-propositions-he.html","brandInDocTitle|midWordDescriptionCut","סיכום מנהלים — הצעות הממשלה — Riksdagsmonitor","סיכום מנהלים — הצעות הממשלה","סיווג: ציבורי תאריך: 2026-05-13 מושב הפרלמנט: 2025/26 (נתונים מ-2026-05-07) מחבר: ניתוח בינה מלאכותית של Riksdagsmonitor","The Swedish Government on 7 May 2026 submitted three propositions spanning digital identity infrastructure, administrative law enforcement, and national security detention law."
"news/2026-05-13-propositions-no.html","brandInDocTitle|midWordDescriptionCut","Sammendrag — Regjeringens proposisjoner — Riksdagsmonitor","Sammendrag — Regjeringens proposisjoner","Klassifisering: OFFENTLIG Dato: 2026-05-13 Riksmøte: 2025/26 (data fra 2026-05-07) Forfatter: Riksdagsmonitor AI-analyse","The Swedish Government on 7 May 2026 submitted three propositions spanning digital identity infrastructure, administrative law enforcement, and national security detention law."
"news/2026-05-13-propositions-sv.html","brandInDocTitle|descriptionTooShort","Sammanfattning — Regeringens propositioner — Riksdagsmonitor","Sammanfattning — Regeringens propositioner","Klassificering: OFFENTLIG Datum: 2026-05-13","The Swedish Government on 7 May 2026 submitted three propositions spanning digital identity infrastructure, administrative law enforcement, and national security detention law."
"news/2026-05-14-election-cycle-current-ar.html","brandInDocTitle|midWordDescriptionCut","ولاية تيدو، T-123: امتثال الطاقة الأوروبي يُغلق بينما المحور الأمني… — Riksdagsmonitor","ولاية تيدو، T-123: امتثال الطاقة الأوروبي يُغلق بينما المحور الأمني…","language: ar subfolder: election-cycle/current slug: election-cycle-current sourcefolder: analysis/daily/2026-05-13/election-cycle/current","IMF vintage: WEO Apr-2026 [horizon:cycle] | Riksmöte coverage: 2022/23, 2023/24, 2024/25, 2025/26"
"news/2026-05-14-election-cycle-current-he.html","brandInDocTitle|midWordDescriptionCut","מנדט טידה, T-123: עמידה באנרגית האיחוד האירופי נסגרת בעוד הציר… — Riksdagsmonitor","מנדט טידה, T-123: עמידה באנרגית האיחוד האירופי נסגרת בעוד הציר…","language: he subfolder: election-cycle/current slug: election-cycle-current sourcefolder: analysis/daily/2026-05-13/election-cycle/current","IMF vintage: WEO Apr-2026 [horizon:cycle] | Riksmöte coverage: 2022/23, 2023/24, 2024/25, 2025/26"
"news/2026-05-14-election-cycle-next-ar.html","brandInDocTitle|descriptionTooShort","الموجز التنفيذي — توقعات ما بعد تفويض 2026 — Riksdagsmonitor","الموجز التنفيذي — توقعات ما بعد تفويض 2026","language: ar subfolder: election-cycle/next","Even-money (45–55% [horizon:election]) that the 2026-09-13 Riksdagsval produces a hung-parliament-style outcome requiring > 30 days of coalition formation."
"news/2026-05-14-election-cycle-next-he.html","brandInDocTitle|descriptionTooShort","תדריך מנהלים — תחזית לאחר המנדט 2026 — Riksdagsmonitor","תדריך מנהלים — תחזית לאחר המנדט 2026","language: he subfolder: election-cycle/next","Even-money (45–55% [horizon:election]) that the 2026-09-13 Riksdagsval produces a hung-parliament-style outcome requiring > 30 days of coalition formation."
"news/2026-05-14-evening-analysis-ar.html","adminInDescription|brandInDocTitle|bannedPhraseInDescription","اللحظة الدستورية السويدية وسباق ما قبل الانتخابات — استخبارات المساء،… — Riksdagsmonitor","اللحظة الدستورية السويدية وسباق ما قبل الانتخابات — استخبارات المساء،…","المؤلف: James Pether Sörling التاريخ: 2026-05-14 التصنيف: عام | Admiralty: B2 (موثوق؛ على الأرجح صحيح) مستوى الثقة: عالٍ في التقارير الواقعية؛ متوسط في التوقعات…","المؤلف: James Pether Sörling التاريخ: 2026-05-14 التصنيف: عام"
"news/2026-05-14-evening-analysis-da.html","adminInDescription|brandInDocTitle|bannedPhraseInDescription","Sveriges forfatningsmæssige øjeblik og forvalgspolitisk sprint… — Riksdagsmonitor","Sveriges forfatningsmæssige øjeblik og forvalgspolitisk sprint…","Forfatter: James Pether Sörling Dato: 2026-05-14 Klassificering: OFFENTLIG | Admiralty: B2 (Pålidelig; sandsynligvis sand) Konfidensniveau: HØJ for faktarapportering; MIDDEL for valgprognoser…","Forfatter: James Pether Sörling Dato: 2026-05-14 Klassificering: OFFENTLIG"
"news/2026-05-14-evening-analysis-de.html","adminInDescription|brandInDocTitle|bannedPhraseInDescription","Schwedens Verfassungsmoment und Wahlkampf-Sprint — Abendanalyse, 14… — Riksdagsmonitor","Schwedens Verfassungsmoment und Wahlkampf-Sprint — Abendanalyse, 14…","Autor: James Pether Sörling Datum: 2026-05-14 Klassifizierung: ÖFFENTLICH | Admiralty: B2 (Zuverlässig; wahrscheinlich wahr) Konfidenz: HOCH bei Faktenberichterstattung; MITTEL bei Wahlprognosen…","Autor: James Pether Sörling Datum: 2026-05-14 Klassifizierung: ÖFFENTLICH"
"news/2026-05-14-evening-analysis-es.html","adminInDescription|brandInDocTitle|bannedPhraseInDescription","El momento constitucional de Suecia y el sprint preelectoral… — Riksdagsmonitor","El momento constitucional de Suecia y el sprint preelectoral…","Autor: James Pether Sörling Fecha: 2026-05-14 Clasificación: PÚBLICO | Admiralty: B2 (Fiable; probablemente cierto) Nivel de confianza: ALTO en reportaje factual; MEDIO en proyecciones electorales…","Sweden's parliamentary record for 14 May 2026 is defined by three intersecting crises that will shape the September election: a historic constitutional amendment package (vilande) protecting abortion…"
"news/2026-05-14-evening-analysis-fi.html","adminInDescription|brandInDocTitle|bannedPhraseInDescription","Ruotsin perustuslaillinen hetki ja vaalikampanjapolitiikan spurtti… — Riksdagsmonitor","Ruotsin perustuslaillinen hetki ja vaalikampanjapolitiikan spurtti…","Tekijä: James Pether Sörling Päivämäärä: 2026-05-14 Luokitus: JULKINEN | Admiralty: B2 (Luotettava; todennäköisesti totta) Luottamustaso: KORKEA faktaraportoinnissa; KESKITASO vaaliennusteissa…","Tekijä: James Pether Sörling Päivämäärä: 2026-05-14 Luokitus: JULKINEN"
"news/2026-05-14-evening-analysis-fr.html","brandInDocTitle|descriptionTooShort","Le moment constitutionnel de la Suède et le sprint préélectoral… — Riksdagsmonitor","Le moment constitutionnel de la Suède et le sprint préélectoral…","Auteur: James Pether Sörling","Sweden's parliamentary record for 14 May 2026 is defined by three intersecting crises that will shape the September election: a historic constitutional amendment package (vilande) protecting abortion…"
"news/2026-05-14-evening-analysis-he.html","adminInDescription|brandInDocTitle|bannedPhraseInDescription","הרגע החוקתי של שוודיה וספרינט המדיניות טרום-הבחירות — ניתוח ערב, 14… — Riksdagsmonitor","הרגע החוקתי של שוודיה וספרינט המדיניות טרום-הבחירות — ניתוח ערב, 14…","מחבר: James Pether Sörling תאריך: 2026-05-14 סיווג: ציבורי | Admiralty: B2 (אמין׃ סביר שנכון) רמת ביטחון: גבוהה בדיווח עובדתי׃ בינונית בתחזיות בחירות קרבה לבחירות: ≤6…","Sweden's parliamentary record for 14 May 2026 is defined by three intersecting crises that will shape the September election: a historic constitutional amendment package (vilande)…"
"news/2026-05-14-evening-analysis-ja.html","adminInDescription|brandInDocTitle|bannedPhraseInDescription","スウェーデンの憲法的瞬間と選挙前政策スプリント — 夜間情報分析、2026年5月14日 — Riksdagsmonitor","スウェーデンの憲法的瞬間と選挙前政策スプリント — 夜間情報分析、2026年5月14日","著者: James Pether Sörling 日付: 2026-05-14 分類: 公開 | Admiralty: B2（信頼性高い；おそらく真実） 信頼度: 事実報道は高、選挙予測は中程度 選挙近接度: ≤6ヶ月（2026年9月）—…","著者: James Pether Sörling 日付: 2026-05-14 分類: 公開 選挙予測は中程度 選挙近接度: ≤6ヶ月（2026年9月）—…"
"news/2026-05-14-evening-analysis-ko.html","adminInDescription|brandInDocTitle|bannedPhraseInDescription","스웨덴의 헌법적 순간과 선거 전 정책 스프린트 — 저녁 정보 브리핑, 2026년 5월 14일 — Riksdagsmonitor","스웨덴의 헌법적 순간과 선거 전 정책 스프린트 — 저녁 정보 브리핑, 2026년 5월 14일","저자: James Pether Sörling 날짜: 2026-05-14 분류: 공개 | Admiralty: B2 (신뢰할 수 있음; 아마도 사실) 신뢰도: 사실 보도에 대해 높음; 선거 전망에 대해 중간 선거…","저자: James Pether Sörling 날짜: 2026-05-14 분류: 공개"
"news/2026-05-14-evening-analysis-nl.html","adminInDescription|brandInDocTitle|bannedPhraseInDescription","Zweden's grondwettelijk moment en pre-electorale beleidssprint… — Riksdagsmonitor","Zweden's grondwettelijk moment en pre-electorale beleidssprint…","Auteur: James Pether Sörling Datum: 2026-05-14 Classificatie: OPENBAAR | Admiralty: B2 (Betrouwbaar; waarschijnlijk waar) Betrouwbaarheidsniveau: HOOG voor feitelijke rapportage; GEMIDDELD voor…","Auteur: James Pether Sörling Datum: 2026-05-14 Classificatie: OPENBAAR"
"news/2026-05-14-evening-analysis-no.html","adminInDescription|brandInDocTitle|bannedPhraseInDescription","Sveriges konstitusjonelle øyeblikk og forvalgspolitisk sprint… — Riksdagsmonitor","Sveriges konstitusjonelle øyeblikk og forvalgspolitisk sprint…","Forfatter: James Pether Sörling Dato: 2026-05-14 Klassifisering: OFFENTLIG | Admiralty: B2 (Pålitelig; trolig sant) Konfidensnivå: HØY for faktarapportering; MIDDELS for valgprognoser Valnærhet: ≤6…","Forfatter: James Pether Sörling Dato: 2026-05-14 Klassifisering: OFFENTLIG"
"news/2026-05-14-evening-analysis-sv.html","adminInDescription|brandInDocTitle|bannedPhraseInDescription","Sveriges konstitutionella stund och valpolitisk sprint… — Riksdagsmonitor","Sveriges konstitutionella stund och valpolitisk sprint…","Författare: James Pether Sörling Datum: 2026-05-14 Klassificering: OFFENTLIG | Admiralty: B2 (Tillförlitlig; troligen sant) Konfidensgrad: HÖG för faktarapportering; MEDEL för valrörelseprognoser…","Författare: James Pether Sörling Datum: 2026-05-14 Klassificering: OFFENTLIG"
"news/2026-05-14-evening-analysis-zh.html","adminInDescription|brandInDocTitle|bannedPhraseInDescription","瑞典的宪法时刻与选举前政策冲刺 — 晚间情报简报，2026年5月14日 — Riksdagsmonitor","瑞典的宪法时刻与选举前政策冲刺 — 晚间情报简报，2026年5月14日","作者: James Pether Sörling 日期: 2026-05-14 分类: 公开 | Admiralty: B2（可靠；可能属实） 可信度: 事实报道高；选举预测中等 选举临近度: ≤6个月（2026年9月）—…","作者: James Pether Sörling 日期: 2026-05-14 分类: 公开"
"news/2026-05-14-realtime-pulse-en.html","brandInDocTitle|descriptionTooShort","Swedish Parliamentary Pulse — Riksdagsmonitor","Swedish Parliamentary Pulse","Prepared for: Senior political analyst, editorial team","Prepared for: Senior political analyst, editorial team"
"news/2026-05-14-realtime-pulse-fr.html","brandInDocTitle|descriptionTooShort","Rapport de situation parlementaire — Pouls du Riksdag — Riksdagsmonitor","Rapport de situation parlementaire — Pouls du Riksdag","Préparé pour : Analyste politique senior, équipe éditoriale","Prepared for: Senior political analyst, editorial team"
"news/2026-05-16-realtime-pulse-ar.html","brandInDocTitle|descriptionTooShort","موجز تنفيذي — نبض اللحظة الراهنة — Riksdagsmonitor","موجز تنفيذي — نبض اللحظة الراهنة","<div dir=""rtl"">","Den 13 maj 2026 antog Rysslands statsduma en lag som institutionaliserar Putins befogenhet att insätta ryska väpnade styrkor i utlandet för att ""skydda"" ryska medborgare från…"
"news/2026-05-16-realtime-pulse-da.html","adminInDescription|brandInDocTitle|descriptionTooShort|bannedPhraseInDescription","Kortanalyse — Realtidspuls — Riksdagsmonitor","Kortanalyse — Realtidspuls","Klassifikation: OFFENTLIG | Admiralty: B2 | Dato: 2026-05-16","Den 13 maj 2026 antog Rysslands statsduma en lag som institutionaliserar Putins befogenhet att insätta ryska väpnade styrkor i utlandet för att ""skydda"" ryska medborgare från internationella…"
"news/2026-05-16-realtime-pulse-de.html","adminInDescription|brandInDocTitle|descriptionTooShort|bannedPhraseInDescription","Kurzanalyse — Echtzeit-Pulse — Riksdagsmonitor","Kurzanalyse — Echtzeit-Pulse","Klassifizierung: ÖFFENTLICH | Admiralty: B2 | Datum: 2026-05-16","Den 13 maj 2026 antog Rysslands statsduma en lag som institutionaliserar Putins befogenhet att insätta ryska väpnade styrkor i utlandet för att ""skydda"" ryska medborgare från internationella…"
"news/2026-05-16-realtime-pulse-es.html","adminInDescription|brandInDocTitle|descriptionTooShort|bannedPhraseInDescription","Resumen Ejecutivo — Pulso en Tiempo Real — Riksdagsmonitor","Resumen Ejecutivo — Pulso en Tiempo Real","Clasificación: PÚBLICO | Admiralty: B2 | Fecha: 2026-05-16","Den 13 maj 2026 antog Rysslands statsduma en lag som institutionaliserar Putins befogenhet att insätta ryska väpnade styrkor i utlandet för att ""skydda"" ryska medborgare från internationella…"
"news/2026-05-16-realtime-pulse-fi.html","adminInDescription|brandInDocTitle|descriptionTooShort|bannedPhraseInDescription","Tiivistelmä — Reaaliaikapulssi — Riksdagsmonitor","Tiivistelmä — Reaaliaikapulssi","Luokittelu: JULKINEN | Admiralty: B2 | Päivämäärä: 2026-05-16","Den 13 maj 2026 antog Rysslands statsduma en lag som institutionaliserar Putins befogenhet att insätta ryska väpnade styrkor i utlandet för att ""skydda"" ryska medborgare från internationella…"
"news/2026-05-16-realtime-pulse-he.html","brandInDocTitle|descriptionTooShort","תקציר מנהלים — דופק בזמן אמת — Riksdagsmonitor","תקציר מנהלים — דופק בזמן אמת","<div dir=""rtl"">","Den 13 maj 2026 antog Rysslands statsduma en lag som institutionaliserar Putins befogenhet att insätta ryska väpnade styrkor i utlandet för att ""skydda"" ryska medborgare från…"
"news/2026-05-16-realtime-pulse-ja.html","adminInDescription|brandInDocTitle|descriptionTooShort|bannedPhraseInDescription","エグゼクティブブリーフ — リアルタイムパルス — Riksdagsmonitor","エグゼクティブブリーフ — リアルタイムパルス","分類: 公開 | Admiralty: B2 | 日付: 2026-05-16","Den 13 maj 2026 antog Rysslands statsduma en lag som institutionaliserar Putins befogenhet att insätta ryska väpnade…"
"news/2026-05-16-realtime-pulse-ko.html","adminInDescription|brandInDocTitle|descriptionTooShort|bannedPhraseInDescription","Den 13 maj 2026 antog Rysslands statsduma — Riksdagsmonitor","Den 13 maj 2026 antog Rysslands statsduma","분류: 공개 | Admiralty: B2 | 날짜: 2026-05-16","Den 13 maj 2026 antog Rysslands statsduma en lag som institutionaliserar Putins befogenhet att insätta ryska väpnade…"
"news/2026-05-16-realtime-pulse-nl.html","adminInDescription|brandInDocTitle|descriptionTooShort|bannedPhraseInDescription","Uitvoerend Overzicht — Realtime Puls — Riksdagsmonitor","Uitvoerend Overzicht — Realtime Puls","Classificatie: OPENBAAR | Admiralty: B2 | Datum: 2026-05-16","Den 13 maj 2026 antog Rysslands statsduma en lag som institutionaliserar Putins befogenhet att insätta ryska väpnade styrkor i utlandet för att ""skydda"" ryska medborgare från internationella…"
"news/2026-05-16-realtime-pulse-no.html","adminInDescription|brandInDocTitle|descriptionTooShort|bannedPhraseInDescription","Kortanalyse — Sanntidspuls — Riksdagsmonitor","Kortanalyse — Sanntidspuls","Klassifisering: OFFENTLIG | Admiralty: B2 | Dato: 2026-05-16","Den 13 maj 2026 antog Rysslands statsduma en lag som institutionaliserar Putins befogenhet att insätta ryska väpnade styrkor i utlandet för att ""skydda"" ryska medborgare från internationella…"
"news/2026-05-16-realtime-pulse-sv.html","adminInDescription|brandInDocTitle|descriptionTooShort|bannedPhraseInDescription","Kortanalys — Realtidspuls — Riksdagsmonitor","Kortanalys — Realtidspuls","Klassificering: OFFENTLIG | Admiralty: B2 | Datum: 2026-05-16","Den 13 maj 2026 antog Rysslands statsduma en lag som institutionaliserar Putins befogenhet att insätta ryska väpnade styrkor i utlandet för att ""skydda"" ryska medborgare från internationella…"
"news/2026-05-16-realtime-pulse-zh.html","adminInDescription|brandInDocTitle|descriptionTooShort|bannedPhraseInDescription","Den 13 maj 2026 antog Rysslands statsduma — Riksdagsmonitor","Den 13 maj 2026 antog Rysslands statsduma","分类: 公开 | Admiralty: B2 | 日期: 2026-05-16","Den 13 maj 2026 antog Rysslands statsduma en lag som institutionaliserar Putins befogenhet att insätta ryska väpnade…"
"news/2026-05-16-weekly-review-ar.html","brandInDocTitle|descriptionTooShort","ملخص تنفيذي — المراجعة الأسبوعية — Riksdagsmonitor","ملخص تنفيذي — المراجعة الأسبوعية","<div dir=""rtl"">","Three simultaneous pressure points are converging on the Tidö coalition in the final parliamentary sprint before the summer recess."
"news/2026-05-16-weekly-review-da.html","adminInDescription|brandInDocTitle|bannedPhraseInDescription","Kortanalyse — Ugentlig Gennemgang — Riksdagsmonitor","Kortanalyse — Ugentlig Gennemgang","Til: Politiske analytikere, journalister, observatører af demokratisk ansvarlighed Periode: Uge 20, 2026-05-09–16 Valgnedtælling: ~120 dage til 2026-09-13 Klassifikation: OFFENTLIG | Admiralty: B2 |…","Til: Politiske analytikere, journalister, observatører af demokratisk ansvarlighed Periode: Uge 20, 2026-05-09–16 Valgnedtælling: ~120 dage til 2026-09-13 Klassifikation: OFFENTLIG …"
"news/2026-05-16-weekly-review-de.html","adminInDescription|brandInDocTitle|bannedPhraseInDescription","Wochenbericht — Wöchentliche Übersicht — Riksdagsmonitor","Wochenbericht — Wöchentliche Übersicht","An: Politiske analytikere / Analysten / Analystes Zeitraum: Woche 20, 2026-05-09–16 Wahlzähler: ~120 Tage bis 2026-09-13 Klassifizierung: ÖFFENTLICH | Admiralty: B2 | DIW: 8,75","An: Politiske analytikere / Analysten / Analystes Zeitraum: Woche 20, 2026-05-09–16 Wahlzähler: ~120 Tage bis 2026-09-13 Klassifizierung: ÖFFENTLICH"
"news/2026-05-16-weekly-review-es.html","adminInDescription|brandInDocTitle|bannedPhraseInDescription","Resumen Ejecutivo — Revisión Semanal — Riksdagsmonitor","Resumen Ejecutivo — Revisión Semanal","Para: Politiske analytikere / Analysten / Analystes Período: Semana 20, 2026-05-09–16 Cuenta regresiva: ~120 días hasta el 2026-09-13 Clasificación: PÚBLICO | Admiralty: B2 | DIW: 8,75","Para: Politiske analytikere / Analysten / Analystes Período: Semana 20, 2026-05-09–16 Cuenta regresiva: ~120 días hasta el 2026-09-13 Clasificación: PÚBLICO"
"news/2026-05-16-weekly-review-fi.html","adminInDescription|brandInDocTitle|bannedPhraseInDescription","Tiivistelmä — Viikottainen Katsaus — Riksdagsmonitor","Tiivistelmä — Viikottainen Katsaus","Vastaanottaja: Politiske analytikere / Analysten / Analystes Jakso: Viikko 20, 2026-05-09–16 Vaalilaskuri: ~120 päivää 13.9.2026:een Luokittelu: JULKINEN | Admiralty: B2 | DIW: 8,75","Vastaanottaja: Politiske analytikere / Analysten / Analystes Jakso: Viikko 20, 2026-05-09–16 Vaalilaskuri: ~120 päivää 13.9.2026:een Luokittelu: JULKINEN"
"news/2026-05-16-weekly-review-he.html","brandInDocTitle|descriptionTooShort","תדריך מנהלים — סקירה שבועית — Riksdagsmonitor","תדריך מנהלים — סקירה שבועית","<div dir=""rtl"">","Three simultaneous pressure points are converging on the Tidö coalition in the final parliamentary sprint before the summer recess."
"news/2026-05-16-weekly-review-ja.html","adminInDescription|brandInDocTitle|bannedPhraseInDescription","Three simultaneous pressure points are converging on the Tidö — Riksdagsmonitor","Three simultaneous pressure points are converging on the Tidö","宛先: 政治アナリスト / 정치 분석가 / 政治分析师 期間: 第20週、2026年5月9日–16日 選挙カウントダウン: 2026年9月13日まで約120日 分類: 公開 | Admiralty: B2 | DIW: 8.75","宛先: 政治アナリスト / 정치 분석가 / 政治分析师 期間: 第20週 2026年5月9日–16日 選挙カウントダウン: 2026年9月13日まで約120日 分類: 公開"
"news/2026-05-16-weekly-review-ko.html","adminInDescription|brandInDocTitle|bannedPhraseInDescription","Three simultaneous pressure points are converging on the Tidö — Riksdagsmonitor","Three simultaneous pressure points are converging on the Tidö","수신: 政治アナリスト / 정치 분석가 / 政治分析师 기간: 20주차, 2026년 5월 9일–16일 선거 카운트다운: 2026년 9월 13일까지 약 120일 분류: 공개 | Admiralty: B2 | DIW:…","수신: 政治アナリスト / 정치 분석가 / 政治分析师 기간: 20주차, 2026년 5월 9일–16일 선거 카운트다운: 2026년 9월 13일까지 약 120일 분류: 공개"
"news/2026-05-16-weekly-review-nl.html","adminInDescription|brandInDocTitle|bannedPhraseInDescription","Uitvoerend Overzicht — Wekelijkse Beoordeling — Riksdagsmonitor","Uitvoerend Overzicht — Wekelijkse Beoordeling","Aan: Politiske analytikere / Analysten / Analystes Periode: Week 20, 2026-05-09–16 Verkiezingsaftelling: ~120 dagen tot 2026-09-13 Classificatie: OPENBAAR | Admiralty: B2 | DIW: 8,75","Aan: Politiske analytikere / Analysten / Analystes Periode: Week 20, 2026-05-09–16 Verkiezingsaftelling: ~120 dagen tot 2026-09-13 Classificatie: OPENBAAR"
"news/2026-05-16-weekly-review-no.html","adminInDescription|brandInDocTitle|bannedPhraseInDescription","Kortanalyse — Ukentlig Gjennomgang — Riksdagsmonitor","Kortanalyse — Ukentlig Gjennomgang","Til: Politiske analytikere / Analysten / Analystes Periode: Uke 20, 2026-05-09–16 Valgopptelling: ~120 dager til 2026-09-13 Klassifisering: OFFENTLIG | Admiralty: B2 | DIW: 8,75","Til: Politiske analytikere / Analysten / Analystes Periode: Uke 20, 2026-05-09–16 Valgopptelling: ~120 dager til 2026-09-13 Klassifisering: OFFENTLIG"
"news/2026-05-16-weekly-review-zh.html","adminInDescription|brandInDocTitle|bannedPhraseInDescription","Three simultaneous pressure points are converging on the Tidö — Riksdagsmonitor","Three simultaneous pressure points are converging on the Tidö","收件人: 政治アナリスト / 정치 분석가 / 政治分析师 时间段: 第20周，2026年5月9日–16日 选举倒计时: 距2026年9月13日约120天 密级: 公开 | Admiralty: B2 | DIW: 8.75","收件人: 政治アナリスト / 정치 분석가 / 政治分析师 时间段: 第20周，2026年5月9日–16日 选举倒计时: 距2026年9月13日约120天 密级: 公开"
"news/2026-05-18-committeeReports-fr.html","brandInDocTitle|descriptionTooShort","La Suède renforce la gouvernance municipale : réunions numériques… — Riksdagsmonitor","La Suède renforce la gouvernance municipale : réunions numériques…","Auteur : James Pether Sörling","The Swedish Riksdag's Committee on the Constitution (KU) has unanimously recommended approving Proposition 2025/26:164, which amends Kommunallagen to eliminate the legal grey zone around remote…"
"news/2026-05-18-election-cycle-current-pass1-ja.html","brandInDocTitle|descriptionTooLong","Tidö Mandate, T-118: EU Energy Compliance Closes While Security Pivot… — Riksdagsmonitor","Tidö Mandate, T-118: EU Energy Compliance Closes While Security Pivot…","The 2022–2026 Tidö mandate ends with a structurally transformed Swedish state — security architecture rebuilt, financial-stability framework rebooted, digital-identity stack codified, and immigration…","IMF vintage: WEO Apr-2026 [horizon:cycle] | Riksmöte coverage: 2022/23, 2023/24, 2024/25, 2025/26"
"news/2026-05-18-election-cycle-current-pass1-ko.html","brandInDocTitle|descriptionTooLong","Tidö Mandate, T-118: EU Energy Compliance Closes While Security Pivot… — Riksdagsmonitor","Tidö Mandate, T-118: EU Energy Compliance Closes While Security Pivot…","The 2022–2026 Tidö mandate ends with a structurally transformed Swedish state — security architecture rebuilt, financial-stability framework rebooted, digital-identity stack codified, and immigration…","IMF vintage: WEO Apr-2026 [horizon:cycle] | Riksmöte coverage: 2022/23, 2023/24, 2024/25, 2025/26"
"news/2026-05-18-election-cycle-current-pass1-zh.html","brandInDocTitle|descriptionTooLong","Tidö Mandate, T-118: EU Energy Compliance Closes While Security Pivot… — Riksdagsmonitor","Tidö Mandate, T-118: EU Energy Compliance Closes While Security Pivot…","The 2022–2026 Tidö mandate ends with a structurally transformed Swedish state — security architecture rebuilt, financial-stability framework rebooted, digital-identity stack codified, and immigration…","IMF vintage: WEO Apr-2026 [horizon:cycle] | Riksmöte coverage: 2022/23, 2023/24, 2024/25, 2025/26"
"news/2026-05-18-election-cycle-next-ar.html","brandInDocTitle|descriptionTooShort","الملخص التنفيذي — توقعات الولاية بعد 2026 — Riksdagsmonitor","الملخص التنفيذي — توقعات الولاية بعد 2026","language: ar subfolder: election-cycle/next","Even-money (45–55% [horizon:election]) that the 2026-09-13 Riksdagsval produces a hung-parliament-style outcome requiring > 30 days of coalition formation."
"news/2026-05-18-election-cycle-next-pass1-ja.html","brandInDocTitle|descriptionTooLong","Post-2026 Mandate Forecast — Riksdagsmonitor","Post-2026 Mandate Forecast","Even-money (45–55% [horizon:election]) that the 2026-09-13 Riksdagsval produces a hung-parliament-style outcome requiring > 30 days of coalition formation.","Even-money (45–55% [horizon:election]) that the 2026-09-13 Riksdagsval produces a hung-parliament-style outcome…"
"news/2026-05-18-election-cycle-next-pass1-ko.html","brandInDocTitle|descriptionTooLong","Post-2026 Mandate Forecast — Riksdagsmonitor","Post-2026 Mandate Forecast","Even-money (45–55% [horizon:election]) that the 2026-09-13 Riksdagsval produces a hung-parliament-style outcome requiring > 30 days of coalition formation.","Even-money (45–55% [horizon:election]) that the 2026-09-13 Riksdagsval produces a hung-parliament-style outcome…"
"news/2026-05-18-election-cycle-next-pass1-zh.html","brandInDocTitle|descriptionTooLong","Post-2026 Mandate Forecast — Riksdagsmonitor","Post-2026 Mandate Forecast","Even-money (45–55% [horizon:election]) that the 2026-09-13 Riksdagsval produces a hung-parliament-style outcome requiring > 30 days of coalition formation.","Even-money (45–55% [horizon:election]) that the 2026-09-13 Riksdagsval produces a hung-parliament-style outcome…"
"news/2026-05-18-motions-ar.html","brandInDocTitle|descriptionTooShort","إحاطة حصرية — اقتراحات المعارضة — Riksdagsmonitor","إحاطة حصرية — اقتراحات المعارضة","<div dir=""rtl"">","S och C utmanar Tidö-koalitionens transparenslag — LO:s partifinansieringsroll i fokus 118 dagar före valet"
"news/2026-05-18-motions-he.html","brandInDocTitle|descriptionTooShort","עדכון בלעדי — הצעות האופוזיציה — Riksdagsmonitor","עדכון בלעדי — הצעות האופוזיציה","<div dir=""rtl"">","S och C utmanar Tidö-koalitionens transparenslag — LO:s partifinansieringsroll i fokus 118 dagar före valet"
"news/2026-05-18-propositions-ar.html","brandInDocTitle|descriptionTooShort","موجز تنفيذي: إصلاح منظومة الهجرة السويدية والتحول نحو الهوية الرقمية — Riksdagsmonitor","موجز تنفيذي: إصلاح منظومة الهجرة السويدية والتحول نحو الهوية الرقمية","<div dir=""rtl"">","Sweden's Kristersson minority government submitted eight major propositions to the Riksdag in a single pre-election legislative sprint, including a landmark bill (HD03262 / Prop.…"
"news/2026-05-18-propositions-he.html","brandInDocTitle|descriptionTooShort","תקציר מנהלים: רפורמת ההגירה של שוודיה ועיצוב מחדש של זהות דיגיטלית — Riksdagsmonitor","תקציר מנהלים: רפורמת ההגירה של שוודיה ועיצוב מחדש של זהות דיגיטלית","<div dir=""rtl"">","Sweden's Kristersson minority government submitted eight major propositions to the Riksdag in a single pre-election legislative sprint, including a landmark bill (HD03262 / Prop.…"
